岗位名称,薪资待遇,实习时长,工作描述,学历要求,招聘人数,发布时间,公司名称,公司规模,工作地点,企业领域
新鹰计划”顺丰南京区2025 届实习生,150-180元/天,2个月,一、新鹰计划介绍,本科,50,2024-05-07 16:04,江苏顺丰速运有限公司,,全国,交通|物流|贸易
Golang开发实习生,150-200元/天,3个月,1、负责公司AI产品后端的设计落地及开发。,本科,1,2024-04-07 13:07,医智影,小于50人,北京,汽车|机械|制造
Python开发实习生,150-200元/天,3个月,岗位职责：,本科,1,2024-04-12 14:04,医智影,小于50人,北京,汽车|机械|制造
会议论坛部实习,160-180元/天,3个月,1. 负责会议活动资料整理、制作；,大专,10,2024-04-30 15:44,cioe中国光博会,51~100人,广东,政府/非盈利机构/其他
WEB前端开发实习生,150-200元/天,2个月,1、 充分理解产品需求，正确输出客户及产品需要的前端功能；,本科,1,2024-05-05 17:12,医智影,小于50人,北京,汽车|机械|制造
招聘交付实习生,3-6K/月,3个月,你的任务：,大专,5,2024-04-29 21:31,货拉拉,3001人及以上,广东,互联网|游戏|软件
招聘实习生/HR Intern,面议,3个月,1. 发布并维护招聘平台的岗位信息；,本科,1,2024-04-30 11:52,Theory,301~1000人,上海,快速消费品
财务实习生,150-160元/天,6个月,1、熟悉财务部工作流程；,本科,1,2024-05-11 11:32,上海和黄药业,1001~3000人,上海,生物|医药
HRBP实习生（培训创意方向）,200-220元/天,3个月,1.协助推动HR内部的知识和经验的沉淀，让HR同学更有体系地快速学习、了解、掌握相关内容。,本科,1,2024-05-16 16:26,美团,1001~3000人,北京,互联网|游戏|软件
VC分析师岗位实习生,150-200元/天,3个月,职位描述：,本科,1,2024-05-10 18:24,众引传播,101~300人,上海,广告|传媒|文化|体育
新媒体实习生,150-200元/天,长期,负责微信、微博、抖音、B站等自媒体平台的日常运营及推广工作；,本科,2,2024-05-15 10:41,四海一家,11~50人,北京,广告|传媒|文化|体育
视频编辑实习生,150-200元/天,长期,1、拍摄素材，并负责素材粗剪；,本科,1,2024-05-15 10:41,四海一家,11~50人,北京,广告|传媒|文化|体育
公司金融实习生,75-100元/天,3个月,1、协助部门经营业务数据的汇总、统计及基本分析；,本科,1,2024-05-16 10:22,广汽财务公司,51~100人,广东,金融
市场实习生,150-200元/天,3个月,1、根据项目特点撰写宣传文案；,本科,2,2024-05-15 10:41,四海一家,11~50人,北京,广告|传媒|文化|体育
渠道准入中心实习生,130-150元/天,3个月,1、按照指导要求完成销售数据的整理、校准及分析等工作,本科,1,2024-05-14 10:32,微创神通（微创脑科学）,301~1000人,上海,生物|医药
人力资源部实习生（培训运营方向）,150-250元/天,3个月,1、协助公司级培训项目的实施和运营，成为一个会运营的PM！,本科,2,2024-05-13 10:31,网易游戏互娱,3001人及以上,广东,互联网|游戏|软件
医学代表实习生 – 学术型实习生,110-160元/天,3个月,您将收获：,大专,30,2024-05-16 23:42,阿斯利康,3001人及以上,上海,生物|医药
投研实习生,180-200元/天,4个月,险峰K2VC一直致力于科技早期投资。我们非常看好未来10年碳中和及科技领域的创业机会，在相关领域已经陆续投资了多家早期创业公司，覆盖光伏、风电、氢能、储能、CCUS、建筑等多个核心领域，已投公司有：云储科技（数字化储能-清华电机系）、兆瓦云（虚拟电厂-清华能源互联网研究院）、知能科技（风电智能运维-清华交叉信息学院）、康诺思腾、济美动力（氢燃料电池）、溯驭技术（氢燃料电池控制系统）、视觉动力（光伏智能解决方案商）、mango power(用户侧储能)等。官网是www.k2vc.com    ,硕士,3,2024-05-16 16:59,K2VC,51~100人,北京,金融
LMM(Local Marketing Manager)助理实习生,100-120元/天,6个月,1、协助LMM处理日常工作事务,本科,1,2024-05-14 16:35,辉瑞,3001人及以上,北京,生物|医药
大区助理实习生,100-120元/天,4个月,岗位职责：,本科,1,2024-05-13 11:00,辉瑞,3001人及以上,北京,生物|医药
辉瑞医学部实习生,140-150元/天,6个月,1. 协助医学部会议筹备，提供综合、全面的支持以确保团队效率， 锻炼组织协调能力；,硕士,1,2024-05-14 16:35,辉瑞,3001人及以上,北京,生物|医药
客户实习生,150-200元/天,3个月,岗位职责：,大专,2,2024-05-10 18:22,众引传播,101~300人,上海,广告|传媒|文化|体育
政府智库/政企公共关系实习生,150-200元/天,长期,1. 研究、跟进国家及各地方相关政策法规、产业动态，与业务团队协同，支持有关资质、项目、荣誉的申请与落地；,硕士,1,2024-05-11 12:05,智车平台,51~100人,上海,汽车|机械|制造
户用光伏事业部综合管理实习生,150-180元/天,3个月,协助综合管理组组长，完成数据统计、会议材料整理、会议记录等综合管理工作。,本科,1,2024-05-16 11:28,晶科电力,1001~3000人,上海,能源|环保
行政商务实习生,150-180元/天,3个月,1、行政类采购支付（员工福利采购支付、携程对账支付、快递对账支付、文印对账支付）。2、日常商务工作及对接各区域文件用印跑办等。3、运营工作（运营数据统计及分析）。4、完成上级领导交代的其他相关工作事宜。,本科,1,2024-05-16 11:29,晶科电力,1001~3000人,上海,能源|环保
财务实习生,100-120元/天,3个月,1、协助收入成本确认；,本科,1,2024-05-16 15:59,中运科技,51~100人,广东,广告|传媒|文化|体育
财务实习生,150-160元/天,6个月,1、熟悉财务部工作流程；,本科,1,2024-05-11 11:32,上海和黄药业,1001~3000人,上海,生物|医药
户用光伏事业部商务档案实习生,150-230元/天,3个月,【Job Description】,不限,5,2024-05-16 11:28,晶科电力,1001~3000人,上海,能源|环保
HRBP实习生（培训创意方向）,200-220元/天,3个月,1.协助推动HR内部的知识和经验的沉淀，让HR同学更有体系地快速学习、了解、掌握相关内容。,本科,1,2024-05-16 16:26,美团,1001~3000人,北京,互联网|游戏|软件
体育运营实习生,148-150元/天,3个月,1，APP页面推荐更新,本科,5,2024-05-16 16:35,咪咕视讯,1001~3000人,上海,互联网|游戏|软件
财务实习生,100-120元/天,3个月,1、协助收入成本确认；,本科,1,2024-05-16 15:59,中运科技,51~100人,广东,广告|传媒|文化|体育
人力资源实习生,2-3K/月,3个月,1、发布招聘信息、收集、筛选简历并进行电话面试，按照岗位要求进行主动搜寻及目标简历获取,本科,1,2024-05-15 14:29,华大集团BGI,3001人及以上,广东,生物|医药
医学代表实习生 – 学术型实习生-山东,面议,3个月,您将收获：,大专,100,2024-05-16 23:42,阿斯利康,3001人及以上,上海,生物|医药
国际业务部实习生,130-180元/天,3个月,1、协助文档管理、文档编辑类工作,本科,1,2024-05-14 10:35,微创神通（微创脑科学）,301~1000人,上海,生物|医药
教育管理岗实习生,2-3K/月,3个月,1.协助团队完成教育类活动的策划及落地,本科,2,2024-05-15 17:23,华大集团BGI,3001人及以上,广东,生物|医药
内容运营实习生（远程）,面议,3个月,1.发现页运营：筛选站内优质用户内容，并推荐给用户。,本科,5,2024-05-14 15:05,搜狐,3001人及以上,北京,互联网|游戏|软件
财务实习生,80-100元/天,3个月,1. 整理归档各类财务凭证，催收并核对发票,本科,1,2024-05-16 10:17,东软,3001人及以上,湖北,互联网|游戏|软件
生物类实习生(J17395),2-3K/月,6个月,1. 参与生物相关科研、技术应用开发等工作；,本科,10,2024-05-15 14:42,华大集团BGI,3001人及以上,广东,生物|医药
网规实习生,120-121元/天,6个月,职责范围：,大专,1,2024-05-14 16:38,达美乐比萨,1001~3000人,全国,快速消费品
内控审计实习生,75-100元/天,3个月,1、协助部门年度工作数据的统计。,本科,1,2024-05-16 10:22,广汽财务公司,51~100人,广东,金融
活动运营实习生,100-101元/天,3个月,1、 立足项目目标，结合重要节点，参与面向目标用户的活动策划；,不限,1,2024-05-16 14:14,搜狐,3001人及以上,北京,互联网|游戏|软件
HR实习生,160-180元/天,6个月,-协助HR开展各项人力资源工作；,本科,1,2024-05-10 13:56,SABIC,3001人及以上,上海,能源|环保
医学代表实习生 – 学术型实习生-河南,110-160元/天,3个月,您将收获：,大专,30,2024-05-16 23:42,阿斯利康,3001人及以上,上海,生物|医药
财务实习生-华特迪士尼幻想工程,150-160元/天,6个月,岗位介绍 ,本科,2,2024-05-15 16:12,迪士尼,3001人及以上,上海,多元化集团
【实习招聘】国盛证券自营-REITs投研方向,100-120元/天,3个月,【工作内容】,硕士,1,2024-05-14 13:41,国盛证券,1001~3000人,上海,金融
重庆--医学部抗感染团队实习生,120-150元/天,6个月,招聘要求：,硕士,1,2024-05-14 16:35,辉瑞,3001人及以上,北京,生物|医药
人力资本及行政部实习生（HR & Admin）,130-200元/天,长期,1. 协助体系培训的资料管理和学习运营工作；30%,本科,1,2024-05-14 10:35,微创神通（微创脑科学）,301~1000人,上海,生物|医药
华大多组学脑评估项目实习生,2-3K/月,6个月,课题简介:,本科,1,2024-05-15 14:27,华大集团BGI,3001人及以上,广东,生物|医药
主播实习生,1-2K/月,3个月,1.负责直播平台日常直播工作，通过直播推广产品,大专,1,2024-05-15 14:41,华大集团BGI,3001人及以上,广东,生物|医药
人才培养实习生,2-3K/月,3个月,1、协助开展海外员工培训、学习发展项目owner，运营实施各层级学习发展项目，如参与项目的调研、筹备、交付、主持、评估等阶段,本科,1,2024-05-15 14:45,华大集团BGI,3001人及以上,广东,生物|医药
剪辑实习生,3-4K/月,长期,岗位职责：,本科,2,2024-05-11 17:00,剧星传媒,301~1000人,上海,广告|传媒|文化|体育
户用光伏事业部结算对账实习生,150-230元/天,3个月,我们正在寻找一位细心且具有分析能力的实习生，加入我们的商务团队。你将负责代理商结算对账，问题收集与分析，以及数据处理等工作。如果你对数据分析、商务流程有兴趣，欢迎加入我们！,本科,2,2024-05-13 13:05,晶科电力,1001~3000人,上海,能源|环保
摄像实习生,3-4K/月,长期,岗位职责：,本科,2,2024-05-11 16:57,剧星传媒,301~1000人,上海,广告|传媒|文化|体育
浙商研究所计算机团队【线下或远程】,面议,4个月,1、协助分析师进行研究报告撰写工作；,本科,3,2024-05-15 15:01,浙商证券,1001~3000人,浙江,金融
招聘实习生,140-180元/天,4个月,1.协助社招：根据岗位需求进行简历初筛、电话邀约、面试安排等事项；,本科,1,2024-05-10 09:51,先临三维科技股份有限公司,500-999人,浙江,互联网|游戏|软件
工程造价实习生,120-180元/天,3个月,1、配合公司项目土建工程造价的监督、审察，参与工程评标、合同审查；,本科,1,2024-05-10 09:51,先临三维科技股份有限公司,500-999人,浙江,互联网|游戏|软件
桌面运维实习生,120-180元/天,3个月,1、负责信息设备资产管理工作；,大专,1,2024-05-09 18:47,先临三维科技股份有限公司,500-999人,浙江,互联网|游戏|软件
品牌实习生,120-150元/天,3个月,1、协助负责公司大型传播event落地：协助并参与前期活动策划、资源对接、筹备落地灯工作；,本科,1,2024-05-09 16:56,保碧新能源,101~300人,上海,能源|环保
平面设计实习生,120-150元/天,3个月,1、协助负责公司活动物料（电子版、印刷物）及办公文创周边的设计工作； ,本科,1,2024-05-09 16:56,保碧新能源,101~300人,上海,能源|环保
财务实习生,150-200元/天,3个月,1.财务出纳实习生岗位，协助财务人员处理企业网银收支、对账、汇总；,本科,1,2024-05-09 16:54,源讯中国,301~1000人,北京,互联网|游戏|软件
医馆实习生,100-110元/天,6个月,【工作要求】,本科,1,2024-05-09 16:33,华润三九,3001人及以上,广东,生物|医药
信用管理实习生,100-110元/天,6个月,主要工作：主要处理一些常规的财务事项，流水台账登记及订单处理，事项传达通知，简单数据的处理，ERP系统数据维护。（非会计核算类岗位）,本科,1,2024-05-09 16:30,华润三九,3001人及以上,广东,生物|医药
价格管理实习生,100-110元/天,6个月,主要工作：主要工作：日常退货报告和订单的审批；excel制作客户盖章类文件；核实客户价格和制作调价涵等。（非会计核算类岗位）,本科,1,2024-05-09 16:30,华润三九,3001人及以上,广东,生物|医药
费用管理实习生,100-110元/天,6个月,主要工作：工作内容包括：1、日常费用核销及代理客户退保证金报告审批；2、与运营或业务对账；3、其他临时事务安排。（非会计核算类岗位）,本科,1,2024-05-09 16:30,华润三九,3001人及以上,广东,生物|医药
发票管理实习生,100-110元/天,6个月,工作内容包括：1、协助处理日常开票事宜；2、邮寄装订公司留存发票；3、其他临时工作安排。（非会计核算类岗位）,本科,1,2024-05-09 16:29,华润三九,3001人及以上,广东,生物|医药
应收稽核实习生,100-110元/天,6个月,主要工作：应收、保证金数据支持，非会计核算岗，需能熟练操作Excel等办公软件，工作内容包括： 1、出具应收、保证金函证，并跟进回函登记、扫描、归档等工作；2、日常应收数据查询、梳理、核对等；3、其他临时事务安排。,本科,1,2024-05-09 16:25,华润三九,3001人及以上,广东,生物|医药
文创设计师,50-100元/天,长期,负责纪念币等文创产品设计,不限,20,2024-05-09 15:54,京溢科技,11~50人,北京,互联网|游戏|软件
HR实习生,160-180元/天,6个月,-协助HR开展各项人力资源工作；,本科,1,2024-05-09 13:25,SABIC,3001人及以上,上海,能源|环保
视觉设计实习生,60-100元/天,3个月,1、负责网站日常更新的设计需求；,本科,1,2024-05-13 14:57,环球网,301~1000人,北京,广告|传媒|文化|体育
管培生,8-16元/天,6个月,工作职责：,本科,30,2024-05-12 11:05,德佑房产,3001人及以上,上海,互联网|游戏|软件
人事实习生,4-5K/月,长期,1、协助处理人事基本事务，人事系统考勤、培训组织等；,本科,1,2024-05-13 14:39,深圳益田假日世界商业有限公司,51~100人,广东,建筑|地产|家居
行政助理实习生,100-150元/天,长期,1、负责公司的档案管理及各类文件、资料的鉴定及统计管理工作；,大专,1,2024-05-13 14:51,久事智慧体育,11~50人,上海,互联网|游戏|软件
企划实习生,2-4K/月,长期,1、负责会员活动的策划和执行，对接会员活动供应商；,本科,1,2024-05-13 14:39,深圳益田假日世界商业有限公司,51~100人,广东,建筑|地产|家居
营运专员（实习生）,180-200元/天,长期,1、协助商家管理工作，包括商家销售管理、商家活动管理、数据分析、坪效沟通、投诉处理及收银管理等；,本科,1,2024-05-13 14:39,深圳益田假日世界商业有限公司,51~100人,广东,建筑|地产|家居
海外舆情采编助理,50-80元/天,3个月,1.协助舆情专员对海外舆情信息进行监测、采集和编辑；,本科,2,2024-05-14 10:23,环球网,301~1000人,北京,广告|传媒|文化|体育
移动端新闻实习编辑,50-80元/天,3个月,1、对客户端日常内容进行更新维护，确定推荐内容；,本科,3,2024-05-14 13:53,环球网,301~1000人,北京,广告|传媒|文化|体育
人力资源实习生,100-150元/天,长期,1、 考勤管理：协助统计公司考勤及请假数据；,本科,1,2024-05-13 14:51,久事智慧体育,11~50人,上海,互联网|游戏|软件
赛事运营实习生,100-150元/天,长期,1. 支持竞赛运营相关的日常工作；,本科,1,2024-05-13 14:51,久事智慧体育,11~50人,上海,互联网|游戏|软件
商务助理实习生,100-150元/天,长期,1、根据权益履行排期，收集整理对应物料；,本科,1,2024-05-13 14:50,久事智慧体育,11~50人,上海,互联网|游戏|软件
英语实习生,150-200元/天,长期,1、根据项目特点撰写宣传文案；,本科,2,2024-05-09 12:36,四海一家,11~50人,北京,广告|传媒|文化|体育
市场运营实习生,80-120元/天,3个月,工作职责：,本科,20,2024-05-09 16:37,高顿教育集团,1001~3000人,上海,教育培训
文案策划实习生,80-120元/天,3个月,工作职责：,本科,20,2024-05-09 16:37,高顿教育集团,1001~3000人,上海,教育培训
用户增长运营实习生,80-120元/天,3个月,工作职责：,本科,20,2024-05-09 16:37,高顿教育集团,1001~3000人,上海,教育培训
技术支持团队实习生Learning Technology team,100-150元/天,3个月,1.使用各种制作工具（包括Articulate Studio和Storyline 360），协助建立网站或基于网络的电子学习课件,不限,2,2024-05-08 15:22,普华永道,3001人及以上,上海,咨询/法律/人力资源
商务实习生,200-250元/天,3个月,1.协助处理购销合同执行相关事务；,本科,3,2024-05-09 11:03,中联恒业,51~100人,上海,交通|物流|贸易
内容运营实习生,150-200元/天,长期,工作职责：,本科,2,2024-05-08 11:42,咪咕视讯,1001~3000人,上海,互联网|游戏|软件
直播运营实习,148-150元/天,3个月,1.负责平台直播场次的站内运营，包括文字、图片、链接等资料；,本科,1,2024-05-08 11:41,咪咕视讯,1001~3000人,上海,互联网|游戏|软件
用户研究实习生,140-220元/天,3个月,1）参与用户研究工作，协助进行定性、定量等用研项目各环节的执行；,本科,1,2024-05-08 11:39,雷鸟科技,301~1000人,广东,互联网|游戏|软件
企业文化实习,140-220元/天,3个月,1.负责公司文化活动的策划及组织，如年会、拓展和出游等节日活动；,本科,10,2024-05-08 11:39,雷鸟科技,301~1000人,广东,互联网|游戏|软件
党务行政实习生,面议,3个月,1、协助由部门出具的文件、文稿、通知的起草与撰写工作；,本科,1,2024-05-08 09:38,长信基金,301~1000人,全国,金融
素材整理解析校对实习生,150-200元/天,3个月,岗位：（申论/综应）素材整理、解析校对实习生,本科,5,2024-05-08 15:17,高顿教育,3001人及以上,上海,教育培训
采购Intern,160-200元/天,3个月,"1. PR Gate Keeping. Check released PR list daily and check with end users for PR details, such as item detailed description, purpose",本科,1,2024-05-07 14:17,SABIC,3001人及以上,上海,能源|环保
IT Service （information technology) 实习生,160-180元/天,6个月,Provide assistance with IT support tasks,本科,1,2024-05-07 14:16,SABIC,3001人及以上,上海,能源|环保
产品运营,150-180元/天,4个月,1.海外视频剪辑app上视频素材的运营和策划；,本科,1,2024-05-13 14:59,小影科技,101~300人,浙江,互联网|游戏|软件
初级咨询顾问,150-200元/天,长期,1.根据垂直行业客户数字化转型需要，深入理解目标市场，分析市场发展趋势及行业趋势，包括但不限于政府、重点央国企、物流、航空、交通、教育、大数据、互联网、金融等大型行业；,本科,2,2024-05-07 19:06,中软国际,3001人及以上,北京,IT|通信|电子
唯品会社交媒体达人投放实习生,120-150元/天,4个月,1.协助进行达人筛选和内容创意文案工作；,本科,1,2024-05-06 21:08,唯品会,1001~3000人,上海,互联网|游戏|软件
供应链实习生,130-160元/天,3个月,1、协助开发供应商，建立供应商档案，确保供应商信息的完整；,本科,1,2024-05-06 17:07,Overland,51~100人,上海,生物|医药
药物开发实习生,130-180元/天,4个月,岗位介绍：,硕士,1,2024-05-06 17:07,Overland,51~100人,上海,生物|医药
储备技工,5-9K/月,长期,设备技术岗,大专,300,2024-05-06 11:29,蜂巢能源科技股份有限公司,1000-4999人,江苏,教育培训
人事行政实习生,150-200元/天,6个月,岗位职责：,本科,1,2024-05-06 09:10,正帆科技,301~1000人,上海,能源|环保
内容编辑实习生,140-160元/天,3个月,上市以来，凡科通过为企业用户提供多元、高效、易用的互联网工具，已帮助了越来越多的企业有效降低了运营成本。随着凡科规模的进一步扩大，我们期待着更多新鲜血液的加入！,大专,2,2024-05-15 09:51,凡科,301~1000人,广东,互联网|游戏|软件
新媒体推广实习生,100-150元/天,3个月,1、负责有关展会宣传的素材准备，包括图片制作、短视频剪辑等；,本科,3,2024-05-15 10:32,光亚法兰克福,11~50人,广东,广告|传媒|文化|体育
设计师实习生,180-200元/天,3个月,上市以来，凡科通过为企业用户提供多元、高效、易用的互联网工具，已帮助了越来越多的企业有效降低了运营成本。随着凡科规模的进一步扩大，我们期待着更多新鲜血液的加入！,大专,1,2024-05-15 09:51,凡科,301~1000人,广东,互联网|游戏|软件
市场调研实习生,100-150元/天,3个月,简历请发到邮箱：Christine.Lu@china.messefrankfurt.com,本科,1,2024-05-10 10:50,光亚法兰克福,11~50人,广东,广告|传媒|文化|体育
财务实习生,150-180元/天,3个月,1.员工报销工作，每周根据员工递交的报销单据，核对准确性，归集整理；,本科,2,2024-05-10 14:09,上海易界云软件有限公司,11~50人,上海,金融
信息审核实习生,140-160元/天,3个月,岗位职责:,大专,1,2024-05-16 16:15,凡科,301~1000人,广东,互联网|游戏|软件
项目助理实习生,160-200元/天,6个月,上市以来，凡科通过为企业用户提供多元、高效、易用的互联网工具，已帮助了越来越多的企业有效降低了运营成本。随着凡科规模的进一步扩大，我们期待着更多新鲜血液的加入！,大专,3,2024-05-13 10:17,凡科,301~1000人,广东,互联网|游戏|软件
展会项目助理,100-120元/天,3个月,1. 负责行业资讯收集、归纳，及整理工作，并进行排版编辑产出推文；,本科,1,2024-05-09 09:39,光亚法兰克福,11~50人,广东,广告|传媒|文化|体育
演出项目（统筹）实习生 for Keyia Studio,120-150元/天,6个月,1.协助项目经理完成项目统筹工作，跟进把控项目进度，对接好各方需求；,本科,1,2024-05-11 11:29,北京太合音乐集团,301~1000人,北京,广告|传媒|文化|体育
美术实习生,100-110元/天,长期,"1. 辅助创意部门进行创意资料收集,整理",本科,3,2024-05-15 11:49,VMLY&R,301~1000人,北京,广告|传媒|文化|体育
行政助理实习生,120-150元/天,6个月,1. 负责公司来访人员、 面试人员接待工作,大专,1,2024-05-10 11:03,北京太合音乐集团,301~1000人,北京,广告|传媒|文化|体育
营销实习生,120-150元/天,6个月,1. 配合音乐营销，建联短视频平台垂类达人；,本科,1,2024-05-11 11:28,北京太合音乐集团,301~1000人,北京,广告|传媒|文化|体育
票务运营实习生,120-150元/天,6个月,1、负责秀动平台票务日常运营对接工作；,大专,1,2024-05-11 11:28,北京太合音乐集团,301~1000人,北京,广告|传媒|文化|体育
录音助理实习生,120-150元/天,6个月,1.协助录音师完成作品录制；,本科,1,2024-05-11 11:27,北京太合音乐集团,301~1000人,北京,广告|传媒|文化|体育
财务实习生/助理,120-150元/天,6个月,1、财务信息核对；,本科,1,2024-05-11 11:26,北京太合音乐集团,301~1000人,北京,广告|传媒|文化|体育
视频剪辑实习生-音乐彩铃方向,120-150元/天,6个月,1、负责咪咕彩铃视频物料输出；,大专,1,2024-05-11 11:26,北京太合音乐集团,301~1000人,北京,广告|传媒|文化|体育
客服服务实习-秀动,110-120元/天,6个月,1、负责400客服电话的接待工作，解答咨询；,大专,1,2024-05-10 13:24,北京太合音乐集团,301~1000人,北京,广告|传媒|文化|体育
社群运营实习生,120-150元/天,6个月,1.负责秀动app视频板块的相关话题策划及运营；,本科,1,2024-05-10 10:39,北京太合音乐集团,301~1000人,北京,广告|传媒|文化|体育
广告客户执行AE实习生,90-100元/天,3个月,协助上级完成竞业分析报告,不限,3,2024-05-15 11:49,VMLY&R,301~1000人,北京,广告|传媒|文化|体育
演出项目（统筹）实习生 for Keyia Studio,120-150元/天,6个月,1.协助项目经理完成项目统筹工作，跟进把控项目进度，对接好各方需求；,本科,1,2024-05-11 11:29,北京太合音乐集团,301~1000人,北京,广告|传媒|文化|体育
文案实习生,100-110元/天,长期,"1. 辅助创意部门进行创意资料收集,整理",本科,2,2024-05-15 11:49,VMLY&R,301~1000人,北京,广告|传媒|文化|体育
运营实习生（大石音乐）,120-150元/天,6个月,1. 负责大石版权新媒体矩阵的内容撰写、排版和运营，包括但不限于：微信、微博等社交媒体平台；,本科,1,2024-05-10 10:48,北京太合音乐集团,301~1000人,北京,广告|传媒|文化|体育
演出实习生,120-150元/天,6个月,1、协助项目经理完成项目(音乐节项目）筹备、报批、制作巡演计划等前期工作；,本科,1,2024-05-11 11:26,北京太合音乐集团,301~1000人,北京,广告|传媒|文化|体育
音乐内容营销实习生,120-150元/天,6个月,1. 协助音乐内容营销方案的制定,本科,1,2024-05-11 11:29,北京太合音乐集团,301~1000人,北京,广告|传媒|文化|体育
设计实习生,120-150元/天,6个月,1、协助演出事业部演出宣发物料制作、创意设计；,本科,1,2024-05-11 11:29,北京太合音乐集团,301~1000人,北京,广告|传媒|文化|体育
海外演出项目实习生-英语,120-150元/天,6个月,1、协助秀动海外项目经理挖掘优秀海外艺人，并促成演出合作；,本科,1,2024-05-11 11:28,北京太合音乐集团,301~1000人,北京,广告|传媒|文化|体育
F.A.M-厂牌助理实习生,120-150元/天,6个月,1.进行厂牌内部工作及项目的流程提报；,本科,1,2024-05-11 11:27,北京太合音乐集团,301~1000人,北京,广告|传媒|文化|体育
演出实习生（流程）,120-150元/天,6个月,1.协助项目经理进行项目结算；,本科,1,2024-05-11 11:36,北京太合音乐集团,301~1000人,北京,广告|传媒|文化|体育
宣传实习生,120-150元/天,6个月,1.负责大型演出官方平台运营工作，包括官方微信公众号、微博平台运营工作；,本科,1,2024-05-11 11:36,北京太合音乐集团,301~1000人,北京,广告|传媒|文化|体育
宣传实习生-内容中心,120-150元/天,6个月,1. 协助经纪团队进行歌曲、专辑的宣传策划；,本科,1,2024-05-10 13:29,北京太合音乐集团,301~1000人,北京,广告|传媒|文化|体育
海外KOL推广运营（英语+远程实习）,120-150元/天,长期,1. 负责百万DAU剪辑app的用户增长中KOL、KOC合作跟进和指导内容发布，对达成合作的创作者数量与质量负责 ；,本科,2,2024-05-07 10:42,小影科技,101~300人,浙江,互联网|游戏|软件
海外KOL推广运营（西语+远程实习）,100-150元/天,长期,1. 负责百万DAU剪辑app的用户增长中KOL、KOC合作跟进和指导内容发布，对达成合作的创作者数量与质量负责 ；,本科,2,2024-05-07 10:34,小影科技,101~300人,浙江,互联网|游戏|软件
电商运营实习生,149-150元/天,6个月,需要线下到办公室进行实习哦~~~,本科,1,2024-05-13 13:11,好哩！,11~50人,上海,快速消费品
客务接待,面议,6个月,1.熟悉接待与结账的工作内容，为客人提供准备的登记及账务信息 ,大专,2,2024-05-13 11:54,深圳邦芒,101~300人,广东,咨询/法律/人力资源
策划协调员,面议,6个月,1.处理部门行政工作包括与部门内外沟通与协调 ,大专,1,2024-05-13 11:54,深圳邦芒,101~300人,广东,咨询/法律/人力资源
宴会厅咨客,面议,6个月,1.了解宴会会议的规格，按照规程，并热情接待 ,大专,2,2024-05-13 11:54,深圳邦芒,101~300人,广东,咨询/法律/人力资源
中餐厅服务员（实习生）,面议,6个月,1.在主管的领导下进行工作安排，按餐厅服务工作规程和质量要求，做好接待工作 ,大专,25,2024-05-13 11:55,深圳邦芒,101~300人,广东,咨询/法律/人力资源
渠道运营助理,100-120元/天,2个月,1. 数据收集、归档、统计及跟进；,不限,1,2024-05-07 11:44,光亚法兰克福,11~50人,广东,广告|传媒|文化|体育
Academic Assistant 教务部门助理,100-150元/天,4个月,Description:,本科,1,2024-05-14 11:10,SK商学院,11~50人,江苏,教育培训
Tiktok推广实习生（尽快到岗）,120-150元/天,3个月,【岗位职责】,本科,3,2024-05-08 16:02,广州海尔HotOEM,51~100人,广东,互联网|游戏|软件
售后客户技术支持,150-160元/天,6个月,1、为付费客户提供售后服务，通过电话、服务群、线上沟通等方式解决客户在产品使用上的各类问题；,本科,1,2024-05-14 10:35,智齿科技,301~1000人,北京,互联网|游戏|软件
行业研究实习生,150-200元/天,3个月,1、协助开展AI行业案头研究、数据收集、分析及整理等工作，并配合撰写PPT或事务性文档；,本科,1,2024-05-10 10:57,兔展,301~1000人,广东,互联网|游戏|软件
导演助理,面议,2个月,1、根据节目内容需求进行初步调研、资料搜集整理，协助导演进行相关方案撰写,本科,5,2024-05-15 13:35,云集将来,11~50人,上海,广告|传媒|文化|体育
市场部实习生/MKT Intern - PR,面议,3个月,Mission:,本科,1,2024-04-30 11:54,Theory,301~1000人,上海,快速消费品
电商实习生/E-Commerce Intern,面议,3个月,品牌电商运营部门,本科,1,2024-04-30 11:53,Theory,301~1000人,上海,快速消费品
市场部实习生/MKT Intern - CRM,面议,3个月,1. 协助跟进会员活动营销，准备短信/彩信文案和素材及发送 ,本科,1,2024-04-30 11:51,Theory,301~1000人,上海,快速消费品
陈列部实习生/VM Intern,面议,3个月,1.负责KOS直播视频拍摄,本科,1,2024-04-30 11:51,Theory,301~1000人,上海,快速消费品
商品部实习生/MD Intern,面议,3个月,1.   负责日常商品部报表更新，数据整理工作,本科,1,2024-04-30 11:50,Theory,301~1000人,上海,快速消费品
财务部实习生/Finance Intern,面议,3个月,1. 打印银行流水，回单，对账单等,本科,1,2024-04-30 11:48,Theory,301~1000人,上海,快速消费品
行政实习生/ HR Intern,面议,3个月,1. 对来访客人做好接待、登记、引导工作，及时通知被访人员；,本科,1,2024-04-30 11:45,Theory,301~1000人,上海,快速消费品
企业文化实习生/Admin Intern- Corporate Culture,200-240元/天,3个月,-负责公司文化活动（如节日庆祝活动）的策划和执行，包括活动策划、文案撰写、物料准备、落地实施等；,大专,1,2024-04-30 10:46,Theory,301~1000人,上海,快速消费品
AE 客户执行,140-150元/天,长期,1、辅助品牌及竞品research日常执行工作 ；,本科,3,2024-05-16 15:36,博伽文化,11~50人,上海,广告|传媒|文化|体育
行业研究分析实习生,80-150元/天,3个月,1. 协助目标行业与标杆企业相关资料及数据的快速收集与整理分析；,本科,5,2024-05-13 10:08,鼎帷咨询,11~50人,北京,咨询/法律/人力资源
达播BD助理（Intern）,140-150元/天,长期,1.与抖音/小红书等直播渠道的合作达人，建立长期合作关系；,大专,2,2024-05-11 13:29,博伽文化,11~50人,上海,广告|传媒|文化|体育
市场经理实习生,180-240元/天,3个月,工作内容: ,本科,1,2024-05-15 15:14,希格斯投资,11~50人,浙江,金融
全栈策略工程师,490-500元/天,3个月,1、开发与优化模型研究、回测等过程中使用的工具框架和系统平台；,本科,1,2024-05-15 15:14,希格斯投资,11~50人,浙江,金融
管理研究实习生,80-150元/天,3个月,1. 协助企业人才发展、组织管理等领域相关理论、工具、标杆企业实操案例研究。,本科,5,2024-05-13 10:08,鼎帷咨询,11~50人,北京,咨询/法律/人力资源
银行风控专员,150-300元/天,6个月,【民生银行控股子公司、朝九晚六、周末双休】,大专,5,2024-05-11 15:51,鸿泰鼎石,101~300人,湖北,互联网|游戏|软件
实习课程顾问,150-200元/天,6个月,职位职责：,本科,10,2024-05-16 18:46,睿知文峰,51~100人,北京,教育培训
财务实习生,120-150元/天,3个月,1、协助财务主管完成日常账务处理；,本科,1,2024-05-13 12:01,STANLEY,11~50人,广东,咨询/法律/人力资源
媒介Intern,140-150元/天,长期,1、基于产品特性与所投放社媒渠道内容偏好，筛选优质带货网红，完成内容合作沟通.执行.（包括但不限于小红书.快手.B站.抖音.双微等社媒内容平台的kol投放及达人直播开发合作等）,大专,3,2024-05-16 15:37,博伽文化,11~50人,上海,广告|传媒|文化|体育
人事实习生,100-150元/天,3个月,1. 结合公司的战略发展需求，制定人力资源发展规划，合理调配公司的人力资源；,大专,2,2024-05-15 07:02,润普网络,101~300人,广东,互联网|游戏|软件
行政实习生,120-150元/天,6个月,1、行政事务工作操作,本科,1,2024-05-16 15:37,博伽文化,11~50人,上海,广告|传媒|文化|体育
人力资源与运营实习生,60-120元/天,3个月,人力资源【40%】,本科,2,2024-05-13 10:08,鼎帷咨询,11~50人,北京,咨询/法律/人力资源
产业地产投资咨询实习生,100-150元/天,6个月,1、参与专业的产业地产选址顾问服务，包括地块信息收集、产业项目招商政策整理、业务资料维护、数据分析等；,本科,2,2024-05-12 09:41,承沣行,11~50人,广东,金融
财务实习生,120-150元/天,3个月,1、协助财务主管完成日常账务处理；,本科,1,2024-05-11 17:04,STANLEY,11~50人,北京,咨询/法律/人力资源
游戏平面设计师（2025届）,130-170元/天,3个月,1、负责游戏项目的市场推广图设计（包括但不限于广告图、落地页、icon、logo等）；,本科,1,2024-05-13 19:24,广州速游,101~300人,广东,互联网|游戏|软件
商务助理实习生,120-150元/天,2个月,工作内容：,本科,2,2024-05-16 18:48,睿知文峰,51~100人,北京,教育培训
见习海外市场工程师,100-200元/天,3个月,1.负责公司产品的销售及推广；,大专,1,2024-05-08 16:10,格林电工,101~300人,江苏,能源|环保
电气工程师助理,100-200元/天,3个月,参与企业产品电气设计的技术参数确认与制定、参与电气图纸校核审定等其他电气相关工作,大专,1,2024-05-08 16:10,格林电工,101~300人,江苏,能源|环保
见习销售工程师,100-200元/天,6个月,1.负责公司产品的销售及推广；,大专,1,2024-05-08 16:09,格林电工,101~300人,江苏,能源|环保
招聘实习生,3-6K/月,3个月,你的任务：,本科,3,2024-04-29 21:31,货拉拉,3001人及以上,广东,互联网|游戏|软件
COE招聘实习生,150-200元/天,3个月,你的任务：,本科,3,2024-04-29 21:31,货拉拉,3001人及以上,广东,互联网|游戏|软件
基金部实习生,100-120元/天,3个月,1、参与基金设立、投资者沟通访谈，撰写会议纪要,本科,2,2024-05-06 16:12,梧桐树资本,11~50人,北京,金融
投资部实习生,100-120元/天,3个月,1. 开展市场及行业研究，深入了解行业现状，判断行业走势；,本科,2,2024-05-06 16:12,梧桐树资本,11~50人,北京,金融
新材料投资实习生,150-200元/天,3个月,1. 开展市场及行业研究，深入了解行业现状，判断行业走势；,本科,2,2024-05-06 16:12,梧桐树资本,11~50人,北京,金融
人力实习生,面议,2个月,岗位要求：,本科,1,2024-04-29 09:57,安捷物联,301~1000人,天津,能源|环保
校园大使（线上）,面议,1个月,1.校园推广：通过各种渠道和方法（社群、朋友圈），进行信息传播。,本科,20,2024-05-08 09:50,刺猬 CIWEI,51~100人,广东,互联网|游戏|软件
大数据分析师（实习）,100-200元/天,2个月,1、参与执行研究院大数据研究项目，参与项目对接、设计、推进、维护，对接大数据支持技术团队，有效推进数据与研究整合。,硕士,5,2024-04-29 09:12,国研大数据研究院,51~100人,北京,IT|通信|电子
店铺支援部实习生Retail Operation Support Intern,200-240元/天,3个月,该岗位base在总部,本科,1,2024-04-28 11:48,Theory,301~1000人,上海,快速消费品
公考面试题库运营实习生,100-120元/天,6个月,1.负责公务员面试题库产品日常管理、维护等相关后台操作；,本科,2,2024-05-08 15:28,粉笔蓝天,3001人及以上,北京,教育培训
投资助理,100-150元/天,3个月,1.协助投资经理完成尽调报告的撰写；,本科,2,2024-05-08 15:17,佑鸿资产,11~50人,上海,金融
商务渠道助理,100-180元/天,6个月,1、寻求潜在的合作客户；,本科,2,2024-05-08 15:17,佑鸿资产,11~50人,上海,金融
产品运营助理,130-150元/天,3个月,1、协助部门跟进各类产品进度；,本科,2,2024-05-08 15:17,佑鸿资产,11~50人,上海,金融
产品经理助理,140-250元/天,长期,【岗位职责】,本科,1,2024-05-07 16:39,元能星泰,11~50人,广东,互联网|游戏|软件
人力资源实习生,100-120元/天,3个月,工作职责,本科,1,2024-04-26 17:29,科大讯飞,3001人及以上,广东,互联网|游戏|软件
店铺支援部实习生Retail Operation Support Intern,200-240元/天,3个月,该岗位base在总部,本科,1,2024-04-26 16:20,Theory,301~1000人,上海,快速消费品
【某部委直属事业单位实习生需求】,80-160元/天,3个月,1.协助处室同事收集国际新闻、产业政策文件；2.在国际经济合作、国际产能合作、对外投资等方面开展研究和分析，收集并整理相关数据；3.翻译相关政策文件。,本科,3,2024-04-26 10:23,百度,3001人及以上,北京,互联网|游戏|软件
百度智能云市场策略分析实习生（3名）,120-200元/天,3个月,1、工作职责：,本科,3,2024-04-26 10:22,百度,3001人及以上,北京,互联网|游戏|软件
百度智能云市场营销实习生,120-200元/天,3个月,百度智能云市场营销实习生（需求3名）,本科,3,2024-04-26 10:21,百度,3001人及以上,北京,互联网|游戏|软件
行政实习生（6月份）,3000-3500K/月,1个月,岗位职责：,大专,1,2024-04-26 09:42,正帆科技,301~1000人,上海,能源|环保
财务实习生,100-150元/天,3个月,1、 了解财务的相关工作内容，协调处理好银行、税务等各部门的工作关系；,大专,2,2024-05-06 06:59,润普网络,101~300人,广东,互联网|游戏|软件
Electrical Engineering实习生,200-300元/天,2个月,主要职责：,本科,20,2024-04-26 20:38,行动元,51~100人,广东,互联网|游戏|软件
远程在线-猎头顾问助理实习生,100-120元/天,3个月,汽车制造、自动驾驶、医疗健康、智慧城市建设等行业,本科,2,2024-05-09 16:33,北京永华中道管理咨询有限公司,11~50人,北京,咨询/法律/人力资源
硬件实习生,130-200元/天,3个月,【工作职责】,本科,3,2024-04-25 20:30,经纬恒润,3001人及以上,北京,汽车|机械|制造
投资助理,145-160元/天,3个月,岗位职责：,本科,2,2024-05-16 10:43,接力连筹,11~50人,上海,互联网|游戏|软件
后期动画合成,25-50元/天,3个月,岗位职责,大专,2,2024-05-16 17:01,火烈鸟文化,51~100人,湖南,广告|传媒|文化|体育
综艺后期实习生,25-50元/天,3个月,1、辅助剪辑师，参与素材转码合板、机位对接、素材整理；辅助交播出片；使用PR、PS等软件；,本科,10,2024-05-16 17:01,火烈鸟文化,51~100人,湖南,广告|传媒|文化|体育
采购实习生,150-180元/天,6个月,职位描述：,本科,1,2024-05-14 10:15,博世,301~1000人,广东,汽车|机械|制造
招聘HR实习生,100-120元/天,3个月,1、通过招聘网站、人际网络、内部推荐等渠道快速获取合适候选人并独立完成HR沟通及人才甄别,本科,5,2024-04-25 14:39,康龙化成,3001人及以上,北京,生物|医药
招聘HR实习生,120-160元/天,3个月,1、通过招聘网站、人际网络、内部推荐等渠道快速获取合适候选人并独立完成HR沟通及人才甄别,本科,5,2024-04-25 14:39,康龙化成,3001人及以上,北京,生物|医药
品宣实习生,面议,3个月,参与协助基金公司品牌负责人进行新媒体运营、宣传材料制作等工作。,本科,1,2024-04-25 09:39,东海基金,51~100人,上海,金融
品牌宣传运营实习生,面议,3个月,参与协助研究所新媒体运营、宣传材料设计等工作，主要包括：,本科,1,2024-04-25 09:39,东海基金,51~100人,上海,金融
视觉设计实习生-支持线上实习,面议,3个月,1.负责配合运营提供的文案进行排版，美化图片，独立完成日常设计工作；,本科,3,2024-04-25 09:39,东海基金,51~100人,上海,金融
音乐生成算法实习生,150-200元/天,3个月,1、为音乐、音频算法模型提供标注数据支持，对指定音乐、音频内容进行标注与质检,硕士,1,2024-05-10 14:20,腾讯音乐,1001~3000人,广东,互联网|游戏|软件
新媒体运营实习生,120-150元/天,3个月,【工作内容】,不限,1,2024-05-13 18:25,腾讯音乐,1001~3000人,广东,互联网|游戏|软件
导学师,140-150元/天,长期,1、根据培养计划，学习招生增长、客户沟通、教学交付、班级运营、续报留存等一线业务工作，熟悉导学师业务,本科,15,2024-05-14 13:36,爱学习教育集团,1001~3000人,北京,教育培训
课堂助教,149-150元/天,长期,1、根据培养计划，学习招生增长、客户沟通、教学交付、班级运营、续报留存等一线业务工作，熟悉导学师业务,本科,15,2024-05-14 13:57,爱学习教育集团,1001~3000人,北京,教育培训
教育博主实习/兼职（线上工作）,3-6K/月,长期,1. 需要自带新媒体账号（平台不限于小红书、抖音、知乎、B站、微博、校内论坛等）。,本科,10,2024-05-17 09:29,美孜国际教育,51~100人,浙江,教育培训
乘警安全员,4-8K/月,3个月,招聘要求：,不限,65,2024-05-16 08:36,河北铁运铁路,11~50人,河北,交通|物流|贸易
人力资源项目助理实习生,100-120元/天,3个月,驱动（DriveTOP）管理咨询是国内能力素质模型研究和应用的领导者，业务聚焦在能力素质建模、能力素质评价工具开发、能力培养与发展体系建立及配套运行机制等方面，为企业甄选优秀人才和大规模培养复制优秀人才提供清晰而准确的指导。公司总部位于上海，业务辐射全国，其中，全球 500 强和国有大中型企业是驱动的主要服务客户。迄今为止，在综合实力行业排名前三位的企业中，都有驱动的重 要服务客户，包括：飞利浦、西门子、联合利华、马士基物流、通用汽车、平安保险、华为、广州移动、四川电信、国家电网等,本科,100,2024-05-16 18:28,驱动咨询,51~100人,上海,咨询/法律/人力资源
咨询实习生,150-180元/天,3个月,1.研究性职责：收集咨询领域的政策、文献，梳理与咨询项目相关的资料与数据，分析内外部资料，形成咨询观点。,本科,5,2024-05-16 13:46,菁正咨询,11~50人,北京,咨询/法律/人力资源
乘警安全员,4-8K/月,3个月,招聘要求：,不限,65,2024-05-16 08:36,河北铁运铁路,11~50人,河北,交通|物流|贸易
HRBP实习生,4-6K/月,6个月,1、【活动组织运营】根据研发中心的活动、福利政策，组织开展各类活动并根据公司要求进行费用统计及报销事宜;,本科,3,2024-04-25 16:23,竹芒科技,3001人及以上,广东,互联网|游戏|软件
迪卡侬官网小程序运营实习生-上海,176-200元/天,4个月,-负责更新类目信息页面，保证提供准确丰富的商品页面以实现线上自助购物；,本科,1,2024-04-24 18:14,迪卡侬,3001人及以上,上海,快速消费品
总部暑期实习-项目管理实习生-保险数字化平台方向,120-121元/天,2个月,1、参与到友邦人寿营销员渠道各类创新数字化项目的推进中；,本科,2,2024-04-24 15:11,友邦人寿,3001人及以上,上海,金融
总部暑期实习-产品经理实习生-保险数字化平台方向,120-121元/天,2个月,1、协助产品经理根据数字化平台产品特性进行行业分析和用户访问调研；,本科,2,2024-04-24 15:10,友邦人寿,3001人及以上,上海,金融
总部暑期实习-运营企划实习生-Gen-AI创新运营方向,120-121元/天,2个月,1、参与并协助进行用户需求及痛点的调研及分析；,本科,2,2024-04-24 15:10,友邦人寿,3001人及以上,上海,金融
总部暑期实习-另类投资与产品管理部实习生-非标资产投资方向,120-121元/天,2个月,1、搜集和整理市场数据和行业信息并协助参与项目可行性研究分析；,本科,2,2024-04-24 15:10,友邦人寿,3001人及以上,上海,金融
总部实习生-法律部实习生-诉讼纠纷处理方向,120-121元/天,2个月,1、 各类纠纷案件的处理提供法律协助；,本科,2,2024-04-24 15:10,友邦人寿,3001人及以上,上海,金融
总部暑期实习-财务实习生-流程优化与自动化方向,120-121元/天,2个月,1、通盘了解并基本掌握保险行业的基础财务处理规则，并完成对应的岗位交付；,本科,2,2024-04-24 15:09,友邦人寿,3001人及以上,上海,金融
总部暑期实习-数据质量分析实习生-人力资源数据方向,120-121元/天,2个月,1、设计并开发软件或Excel工具，用于分析、清洗和验证人力资源数据维护的准确性和完整性；,本科,2,2024-04-24 15:09,友邦人寿,3001人及以上,上海,金融
总部暑期实习-人力资源实习生-资产管理中心人才支持方向,120-121元/天,2个月,1、协助业务团队明确和细化用人需求，协助进行系统流程推进，协调面试全流程；,本科,2,2024-04-24 15:09,友邦人寿,3001人及以上,上海,金融
分公司暑期实习-个险渠道实习生-产品推动方向,120-121元/天,2个月,1.支持具体产品营销推动方案的宣导与落地，并定期进行效果追踪；,本科,2,2024-04-24 15:09,友邦人寿,3001人及以上,上海,金融
分公司暑期实习-个险渠道实习生-业务发展方向,120-121元/天,2个月,1.协助策划营销员业务竞赛及推动方案，助力业务达成；,本科,2,2024-04-24 15:09,友邦人寿,3001人及以上,上海,金融
分公司暑期实习-个险渠道实习生-营销企划方向,120-121元/天,2个月,1.支持各类大型客户活动及营销员竞赛的策划与落地，助力业务达成；,本科,2,2024-04-24 15:09,友邦人寿,3001人及以上,上海,金融
分公司暑期实习-个险渠道实习生-业务培训方向,120-121元/天,2个月,1.结合线上下资源，支持营销员培训计划，提升营销员团队专业素质与业务能力；,本科,2,2024-04-24 15:08,友邦人寿,3001人及以上,上海,金融
分公司暑期实习-个险渠道实习生-人力发展方向,120-121元/天,2个月,1.配合搭建营销员队伍组织体系，帮助业务团队高速发展；,本科,2,2024-04-24 15:08,友邦人寿,3001人及以上,上海,金融
信托助理实习生,70-120元/天,3个月,1、协助起草各类信托项目尽职调查报告、合同协议及相关事务； ,硕士,2,2024-04-24 14:17,大业信托,101~300人,广东,金融
人力资源实习生,70-120元/天,3个月,职责：,本科,1,2024-04-24 10:42,大业信托,101~300人,广东,金融
图文编辑,2-3K/月,6个月,工作内容：,本科,3,2024-05-04 16:04,万泛通,11~50人,江苏,互联网|游戏|软件
HRBP实习生,8-10K/月,4个月,1. 协助完成HRBP团队日常管理事项的信息收集、处理等数据分析工作；,本科,3,2024-04-28 14:23,DJI 大疆,3001人及以上,广东,汽车|机械|制造
音乐发行助理,120-150元/天,6个月,1. 统筹音乐版权合同流程，沟通内外部、确保协议顺利签署,不限,1,2024-05-09 15:40,腾讯音乐,1001~3000人,广东,互联网|游戏|软件
市场拓展部实习生,140-160元/天,4个月,1. VIP特邀买家邀约及采购对接会（电话/邮件/微信）;,大专,5,2024-05-09 14:40,cioe中国光博会,51~100人,广东,政府/非盈利机构/其他
软件实习生 SW实习生,100-150元/天,6个月,1. Understand the code of value stream operation system,大专,1,2024-05-08 16:50,博世,301~1000人,广东,汽车|机械|制造
品质检测实习生,100-150元/天,6个月,1. Support quality engineer to do quality tests and prepare the test report,大专,1,2024-05-08 16:50,博世,301~1000人,广东,汽车|机械|制造
APM Intern/审批实习生,100-150元/天,6个月,Responsibilities 工作职责：,本科,1,2024-05-08 16:50,博世,301~1000人,广东,汽车|机械|制造
研发部实习生（英语）,100-150元/天,6个月,Responsibilities 工作职责：,本科,1,2024-05-08 16:50,博世,301~1000人,广东,汽车|机械|制造
内容创作实习（可转正）,150-200元/天,3个月,1、协助编辑一起创作内容，以公号为载体，工作内容包括但不限于：选题、搜集资料和素材、采写故事；,本科,2,2024-05-09 12:29,新世相,301~1000人,北京,广告|传媒|文化|体育
管培生,200-250元/天,6个月,1.在各职能部门进行轮岗学习，以全面了解公司业务，包括但不限于人力资源，行政，财务，市场、销售、运营等；,硕士,10,2024-04-24 17:00,Actt,101~300人,四川,IT|通信|电子
仿真建模实习生-沈阳,130-200元/天,3个月,1、能够在导师的指导下完成Simulink相关的模块工作；,本科,2,2024-04-24 16:55,润科通用,301~1000人,北京,IT|通信|电子
媒介执行实习生,100-110元/天,3个月,1、落实跟进公司和各网站的合作关系；,本科,2,2024-04-29 18:56,VMLY&R,301~1000人,北京,广告|传媒|文化|体育
人事薪酬实习生,150-180元/天,5个月,实习期5个月+（也可以长期），无转正，150元/天+100元保密费/月。每周到岗3天以上，需要本地生源，因为公司无住宿提供。,本科,3,2024-04-30 14:34,外服薪数据,101~300人,上海,咨询/法律/人力资源
市场实习生,150-180元/天,5个月,实习期5个月+（也可以长期），无转正，150元/天+100元保密费/月。每周到岗3天以上，需要本地生源，因为公司无住宿提供。,本科,2,2024-04-30 14:27,外服薪数据,101~300人,上海,咨询/法律/人力资源
河南区域营销管培实习生,100-150元/天,长期,1、对区域销售进行多维度分析，协助上级制定商务、商控、连锁、医疗平台的产品和销售策略,本科,10,2024-04-23 14:41,华润三九,3001人及以上,广东,生物|医药
广告实习生,100-150元/天,3个月,1.常规策划案所需的资料整理及基础分析工作；,本科,5,2024-04-23 14:24,新意互动,301~1000人,广东,广告|传媒|文化|体育
人力资源实习生-可转正,120-150元/天,3个月,1.协助部门主管开展日常人事管理工作；,硕士,1,2024-04-23 12:12,味全,301~1000人,上海,快速消费品
人力资源实习生（在线办公）,80-120元/天,2个月,岗位概述：,大专,1,2024-04-23 10:07,中证鹏元,301~1000人,广东,金融
总裁办助理,2-3K/月,长期,1.协助总裁办领导接待重要合作伙伴和客户，维护关系促进合作进行,本科,2,2024-04-23 09:33,京溢科技,11~50人,北京,互联网|游戏|软件
PM实习生（可转正）,面议,3个月,【工作职责】,本科,1,2024-05-08 19:31,新世相,301~1000人,北京,广告|传媒|文化|体育
活动策划实习生,3-4K/月,3个月,1、为公司提供、团建活动、司庆活动、年会节庆活动解决方案：沟通上级需求->提供方案->促进合作->完成项目执行；,本科,2,2024-05-07 18:41,行云全球汇,1001~3000人,广东,多元化集团
湖南广播电视台茶频道 -直播运营实习生,面议,3个月,岗位职责：,本科,1,2024-04-26 11:30,快乐垂钓频道,101~300人,湖南,广告|传媒|文化|体育
软件工程师（图形）,150-250元/天,3个月,计算机图形学三维实时渲染、医学可视化等软件模块的研发、应用、更新维护优化,本科,2,2024-05-07 14:31,爱卓科技,11~50人,浙江,互联网|游戏|软件
新媒体宣传实习生,150-200元/天,6个月,岗位描述：,本科,1,2024-05-08 10:59,腾讯音乐,1001~3000人,广东,互联网|游戏|软件
计算机操作员,2-3K/月,3个月,1、电脑的软件的操作；,不限,5,2024-05-08 10:11,韦伯米塔,11~50人,四川,互联网|游戏|软件
软件测试实习生,90-100元/天,3个月,岗位职责：,本科,1,2024-04-22 17:30,科大讯飞,3001人及以上,广东,互联网|游戏|软件
空间运营-上海区域(25届）,面议,2个月,作为生活品味家，我们期待你,本科,5,2024-04-22 14:31,NIO蔚来,3001人及以上,上海,汽车|机械|制造
门店协同-上海区域(25届),面议,2个月,我们期待你,本科,5,2024-04-22 14:30,NIO蔚来,3001人及以上,上海,汽车|机械|制造
蔚来顾问-上海区域,面议,2个月,作为用户用车全流程的朋友，我们期待你,本科,5,2024-04-22 14:29,NIO蔚来,3001人及以上,上海,汽车|机械|制造
设计实习生,100-110元/天,6个月,1.美术、广告、视觉传达等相关专业；需要有作品集（必须）,本科,3,2024-04-22 14:25,凯捷咨询,3001人及以上,上海,咨询/法律/人力资源
演出制作实习生,150-200元/天,长期,1、演出项目报批资料整理；,本科,5,2024-04-22 11:53,四海一家,11~50人,北京,广告|传媒|文化|体育
（可实习）销售代表——朝九晚六,5-6K/月,长期,知道番禺星力动漫产业园吗？,大专,2,2024-05-07 16:57,福礼科技,11~50人,广东,互联网|游戏|软件
新媒体运营（实习）,3-4K/月,3个月,1.进行内容创作和编辑，根据新媒体矩阵定位发布及运营相关内容；定期进行渠道研究和用户分析；,本科,2,2024-05-01 16:23,刺猬 CIWEI,51~100人,广东,互联网|游戏|软件
人事助理实习生,150-180元/天,3个月,1、辅助人事总监搜寻合适的简历,本科,1,2024-05-07 15:54,乐满意,51~100人,上海,生活服务
音乐搜索劳务实习生,100-150元/天,3个月,参与产品：Q音、joox,本科,1,2024-05-07 11:02,腾讯音乐,1001~3000人,广东,互联网|游戏|软件
活动策划实习生,150-180元/天,3个月,职位描述：,本科,1,2024-05-07 10:45,乐满意,51~100人,上海,生活服务
行政人事实习生,100-110元/天,3个月,1、协助管理日常行政事务工作，不限于文件资料的打印、复印、刊例分发、办公用品的申购、领用等,大专,1,2024-05-16 12:55,《嘉人》杂志,51~100人,上海,广告|传媒|文化|体育
销售支持实习生,100-110元/天,6个月,1.协助拍摄以及各项目的跟进及现场support；,本科,2,2024-05-16 12:55,《嘉人》杂志,51~100人,上海,广告|传媒|文化|体育
视频剪辑实习生（短期内到岗）,120-150元/天,3个月,负责线上媒体平台视频剪辑、前期拍摄与后期处理工作:及其它宣传相关视频的剪辑、制作、调色等工作。,本科,1,2024-05-10 10:36,Arris川岸,11~50人,广东,广告|传媒|文化|体育
短视频运营实习生,200-240元/天,4个月,1、主要负责带货类短视频的内容制作，包含：根据编导脚本需求，完成产品拍摄与后期剪辑；必要时 独立进行脚本创作。,本科,1,2024-05-16 12:03,凯声文化传媒,301~1000人,北京,互联网|游戏|软件
咨询实习生,150-180元/天,长期,【岗位职责】,本科,3,2024-05-06 10:46,菁正咨询,11~50人,北京,咨询/法律/人力资源
审计实习生（广州）,80-81元/天,2个月,岗位职责：,本科,20,2024-04-30 09:12,广东司农,301~1000人,广东,咨询/法律/人力资源
内容编辑实习生,面议,3个月,（1）【文章挖掘】文章获得授权，并编辑/排版/发布到人人都是经理及其旗下内容平台,本科,10,2024-05-13 14:22,人人都是产品经理,101~300人,广东,教育培训
视频剪辑,100-120元/天,1个月,1.跟踪热点话题及热门视频玩法，挖掘新思路新玩法,本科,2,2024-05-14 10:51,长沙新东方,1001~3000人,湖南,教育培训
艺统实习生,面议,6个月,1、负责对接艺人团队，执行落实导演组的内容需求；,不限,1,2024-05-13 17:13,哇唧制作,51~100人,湖南,广告|传媒|文化|体育
市场运营实习生,100-150元/天,3个月,1、协助负责公司活动内容，包括选题策划，执行撰文，落地执行、数据复盘等；,本科,1,2024-05-16 14:10,断舍哩,11~50人,上海,互联网|游戏|软件
分析师实习,100-150元/天,3个月,1，日常关注并搜集一级市场（私募股权投资）最新投融资交易动态，输出每周投融资速递；,本科,1,2024-05-14 14:24,IT桔子,51~100人,北京,互联网|游戏|软件
猎头实习生,160-300元/天,长期,1.根据客户所在行业，客户需求以及目标职位的分析，拟定一套完善的用人寻访目标公司和候选人寻访方案,本科,3,2024-05-15 13:10,赛启咨询,11~50人,上海,咨询/法律/人力资源
市场运营实习生,100-150元/天,长期,1、协助负责母婴内容，包括选题策划，执行撰文，数据录入等；,本科,1,2024-05-16 14:10,断舍哩,11~50人,上海,互联网|游戏|软件
新媒体运营实习,100-120元/天,3个月,1，IT桔子公众号每日内容排版与发布，粉丝互动，留言管理等；,本科,2,2024-05-14 14:24,IT桔子,51~100人,北京,互联网|游戏|软件
数据内容编辑实习,100-150元/天,3个月,1.负责收集整理所负责行业下各种创业公司的相关信息；,本科,5,2024-05-14 14:24,IT桔子,51~100人,北京,互联网|游戏|软件
运营实习生（社群+新媒体账号）,110-120元/天,4个月,1.负责管理运营社群，通过有效的运营方案，提升群内用户活跃度，增强用户互动，同时提升相关小程序的转化和留存；,本科,1,2024-05-15 11:23,暖房直租,10人以内,广东,互联网|游戏|软件
英语助教,3-4K/月,长期,协助英语授课的学生管理,大专,30,2024-04-24 11:37,吉的堡教育,3001人及以上,上海,教育培训
新媒体编辑,100-120元/天,3个月,工作内容：,本科,1,2024-05-09 16:04,道乐科技,101~300人,广东,互联网|游戏|软件
项目执行助理,114-115元/天,3个月,【项目执行助理】,本科,39,2024-05-15 09:52,前程无忧,3001人及以上,四川,互联网|游戏|软件
小红书运营实习生,149-150元/天,长期,需要线下在上海办公室实习哦~,本科,1,2024-04-26 13:09,好哩！,11~50人,上海,快速消费品
商务,200-250元/天,4个月,1、投标报名、购买标书、投标文件的打印、盖章和封装；,本科,1,2024-04-19 15:25,长亭科技,1001~3000人,北京,互联网|游戏|软件
运营实习生,180-270元/天,长期,职位描述：,本科,8,2024-04-19 08:52,纵目科技,1001~3000人,上海,互联网|游戏|软件
HR实习生（招聘方向）,149-150元/天,6个月,【岗位职责】,本科,2,2024-04-29 14:30,久谦咨询,301~1000人,上海,咨询/法律/人力资源
HR实习生,149-150元/天,6个月,HR实习生（招聘方向）,本科,2,2024-04-29 14:28,久谦咨询,301~1000人,上海,咨询/法律/人力资源
暑期实习生,160-200元/天,3个月,仅限2025年后毕业研究生,硕士,3,2024-04-28 11:23,刺猬 CIWEI,51~100人,广东,互联网|游戏|软件
活动策划实习生,100-150元/天,3个月,1、协助参与GCC、高校创业类活动及创业大赛项目的传播与执行工作；,本科,1,2024-05-16 20:32,上海创业力传播中心,11~50人,上海,政府/非盈利机构/其他
新媒体内容运营管理,2-4K/月,长期,1.新媒体平台账号运营管理，提高渠道曝光量与访客量。做好粉丝运营（增粉/活跃/留存等）；,大专,2,2024-05-17 09:25,上海美哾,11~50人,上海,生活服务
土壤环境研究实习,1-2K/月,6个月,熟练掌握Arcgis、Word、Excel等常用软件，负责资料收集和整理、数据采集和处理；,不限,5,2024-05-10 17:27,广东省环科院土壤所,101~300人,广东,能源|环保
项目执行实习生,100-150元/天,3个月,1、协助参与GCC、高校创业类活动及创业大赛项目的传播与执行工作；,本科,1,2024-05-16 20:32,上海创业力传播中心,11~50人,上海,政府/非盈利机构/其他
儿童发展部/项目传播实习生,100-120元/天,3个月,岗位名称：项目传播实习生,本科,1,2024-05-14 11:42,壹基金,101~300人,广东,政府/非盈利机构/其他
行政实习生,2-4K/月,长期,1.负责公司日常人事行政事务工作,大专,1,2024-05-14 06:10,出众集团,101~300人,广东,生活服务
销售实习生,6-8K/月,长期,1、接听新客户的热线咨询，通过呼叫系统或微信、QQ等与客户保持良好联系沟通；,中专,15,2024-05-15 07:02,出众集团,101~300人,广东,生活服务
志愿者,面议,长期,1. 主要负责博物馆的日常运营、散客团队接待及运营服务等工作；,大专,100,2024-05-14 11:51,SHMOG,11~50人,上海,政府/非盈利机构/其他
领队运营实习生,100-150元/天,3个月,登记机票采购价格，表格制作；,不限,1,2024-05-15 16:33,稻草人旅行,101~300人,上海,生活服务
人力资源部门实习生,240-280元/天,长期,1. 支持人力资源各模块的业务，包括薪酬与绩效、培训与发展、招聘与配置、员工关系（入离职）等；,硕士,1,2024-05-17 08:15,中欧国际工商学院,,全国,教育培训
网页设计,6-8K/月,长期,1、负责公司网站的设计、改版、更新；,大专,1,2024-05-15 07:02,出众集团,101~300人,广东,生活服务
HR实习生,150-200元/天,5个月,1、负责滴滴核心业务-网约车的产研+运营市场的社招，是招聘全流程的Owner；,本科,2,2024-05-14 10:30,滴滴,10人以内,北京,互联网|游戏|软件
财务部/捐赠票据及会计档案管理实习生,100-120元/天,3个月,岗位名称：捐赠票据及会计档案管理实习生 ,本科,1,2024-05-14 11:41,壹基金,101~300人,广东,政府/非盈利机构/其他
内容运营及KOL拓展实习生,100-120元/天,3个月,岗位名称：内容运营及KOL拓展实习生,大专,1,2024-05-14 11:41,壹基金,101~300人,广东,政府/非盈利机构/其他
环保行业实习,1-2K/月,6个月,熟练掌握Arcgis、Word、Excel等常用软件，负责资料收集和整理、数据采集和处理；,不限,5,2024-05-10 17:27,广东省环科院土壤所,101~300人,广东,能源|环保
博物馆营运实习,150-200元/天,长期,主要职责:,本科,10,2024-05-14 11:54,SHMOG,11~50人,上海,政府/非盈利机构/其他
财务实习生,4-6K/月,长期,1.审验原始凭证的合法性和准确性，完成现金收付、报销等工作;,大专,1,2024-05-15 07:02,出众集团,101~300人,广东,生活服务
前台行政实习生,100-150元/天,3个月,1.负责公司前台接待访客，并及时准确通知被访人员；,大专,1,2024-04-29 06:36,润普网络,101~300人,广东,互联网|游戏|软件
运营实习生,100-150元/天,3个月,岗位职责,本科,3,2024-04-18 18:52,经纬恒润,3001人及以上,北京,汽车|机械|制造
内容运营线上实习生,2-4K/月,3个月,1，英文内容线上运营,大专,5,2024-04-18 17:03,世强先进,301~1000人,广东,IT|通信|电子
编辑实习生——金融学,120-200元/天,3个月,与金融学专业考研考证相关的笔记整理、核对答案解析等。,硕士,100,2024-04-19 10:08,圣才电子书,101~300人,北京,互联网|游戏|软件
编辑实习生——医学检验,120-200元/天,3个月,与医学检验专业考研考证相关的笔记整理、核对答案解析等。,硕士,100,2024-04-19 10:08,圣才电子书,101~300人,北京,互联网|游戏|软件
编辑实习生——中医,120-200元/天,3个月,与中医专业考研考证相关的笔记整理、核对答案解析等。,硕士,100,2024-04-19 10:08,圣才电子书,101~300人,北京,互联网|游戏|软件
费用专员实习生,100-150元/天,6个月,1. 根据标准审核规则，审核一般费用报销、差旅报销等单据，保证单据的合理合规性；,大专,2,2024-04-18 09:59,理邦仪器,1001~3000人,广东,生物|医药
策划实习生,100-150元/天,6个月,1、负责公司IVD市场活动、品牌传播及策划；,本科,1,2024-04-18 09:59,理邦仪器,1001~3000人,广东,生物|医药
商业化数据运营【2025届】,面议,3个月,1、参与平台商业化相关数据分析，包括广告，up主商单和交易带货等方向，为平台业务决策提供数据支持。,本科,1,2024-04-18 09:57,哔哩哔哩,3001人及以上,上海,互联网|游戏|软件
游戏市场策划【2025届】,面议,3个月,1、参与游戏测试到上线推广全过程，协助制定游戏各阶段市场策略及产出营销创意；,本科,1,2024-04-18 09:57,哔哩哔哩,3001人及以上,上海,互联网|游戏|软件
新媒体运营实习生,150-200元/天,6个月,工作职责：,本科,3,2024-04-18 09:56,理邦仪器,1001~3000人,广东,生物|医药
联运游戏运营【2025届】,面议,3个月,1.与联运游戏的研发及发行商对接，参与重点游戏在B站联运发行的各个环节，包括首曝、测试、首发、版本，确保联运游戏各个节点的顺利进行。,本科,1,2024-04-18 09:56,哔哩哔哩,3001人及以上,上海,互联网|游戏|软件
游戏平台运营【2025届】,面议,3个月,1、参与游戏自媒体账号运营，策划并管理内容发布，持续提升粉丝数量及活跃度，扩大账号影响力。,本科,1,2024-04-18 09:56,哔哩哔哩,3001人及以上,上海,互联网|游戏|软件
iOS开发工程师（广告）【2025届】,面议,3个月,1.负责参与B站广告系统平台的客户端开发工作，确保其在B站APP内高效运行。,本科,1,2024-04-18 09:55,哔哩哔哩,3001人及以上,上海,互联网|游戏|软件
开发工程师（数据产品部）【2025届】,面议,3个月,1. 参与评审项目需求，与产品保持信息同步，执行前端研发方案，确保项目准时交付,本科,1,2024-04-18 09:54,哔哩哔哩,3001人及以上,上海,互联网|游戏|软件
开发工程师（数据产品部）【2025届】,面议,3个月,1、负责B站海量数据的抽取、转换、加载，和数据维护等工作；,本科,10,2024-04-18 09:54,哔哩哔哩,3001人及以上,上海,互联网|游戏|软件
算法实习生（内容理解）【2025届】,面议,3个月,1. 协助团队进行大语言模型的预训练和微调工作，提高模型的性能和效率。,本科,10,2024-04-18 09:53,哔哩哔哩,3001人及以上,上海,互联网|游戏|软件
算法实习生（大语言模型）【2025届】,面议,3个月,1. 协助团队进行大语言模型的预训练和微调工作，提高模型的性能和效率。,本科,10,2024-04-18 09:53,哔哩哔哩,3001人及以上,上海,互联网|游戏|软件
算法工程师（内容安全）【2025届】,面议,3个月,1、参与公司内容安全相关数据分析、策略制定和开发工作；,本科,10,2024-04-18 09:52,哔哩哔哩,3001人及以上,上海,互联网|游戏|软件
搜索推荐算法工程师【2025届】,面议,3个月,1、参与推荐、搜索、广告等业务的策略优化工作；,本科,10,2024-04-18 09:52,哔哩哔哩,3001人及以上,上海,互联网|游戏|软件
数据开发工程师（游戏）【2025届】,面议,3个月,1. 负责游戏数据平台业务系统开发；,本科,10,2024-04-18 09:51,哔哩哔哩,3001人及以上,上海,互联网|游戏|软件
语音算法实习生（语音识别）【2025届】,面议,3个月,1、负责音频相关算法研发，包括但不限于语音合成、歌声合成、声音转换、音乐理解、音乐生成等；,本科,10,2024-04-18 09:45,哔哩哔哩,3001人及以上,上海,互联网|游戏|软件
c++广告检索引擎开发工程师【2025届】,面议,3个月,1. 负责商业广告推荐引擎的日常研发；,本科,10,2024-04-18 09:45,哔哩哔哩,3001人及以上,上海,互联网|游戏|软件
c++机器学习引擎开发工程师【2025届】,面议,3个月,1.负责设计、研发和优化商业化模型推理服务和训练服务。,本科,10,2024-04-18 09:42,哔哩哔哩,3001人及以上,上海,互联网|游戏|软件
开发工程师（搜索&推荐工程）【2025届】,面议,3个月,致力于推荐系统、搜索系统、弹幕系统、机器学习平台等核心分布式系统的架构设计与研发。,本科,10,2024-04-18 09:41,哔哩哔哩,3001人及以上,上海,互联网|游戏|软件
广告智能创意算法工程师【2025届】,面议,3个月,工作职责:,本科,10,2024-04-18 09:41,哔哩哔哩,3001人及以上,上海,互联网|游戏|软件
管培生,4-6K/月,3个月,1.负责阿里、京东及各社交电商渠道运营数据的收集及分析；,本科,2,2024-04-18 09:08,知原药业,301~1000人,江苏,生物|医药
心理服务平台—咨询志愿者,面议,3个月,a)为来访者提供专业的心理科普服务，担任心理服务平台心理沟通专员志愿者角色；,本科,3,2024-05-09 16:40,幸福俱乐部,11~50人,北京,政府/非盈利机构/其他
心理服务实习生,面议,3个月,a)为来访者提供专业的心理科普服务，担任心理服务平台心理沟通专员志愿者角色；,本科,3,2024-05-09 16:31,幸福俱乐部,11~50人,北京,政府/非盈利机构/其他
市场营销与运营实习生,150-200元/天,3个月,1，创新性地制定并实施设计大赛的销售策略，包括发掘新的推广渠道、设计吸引人的宣传内容等，以提高参赛者的参与度。,本科,1,2024-05-16 10:49,CBi桥中创新,11~50人,上海,咨询/法律/人力资源
UI设计实习,100-150元/天,6个月,1、参与产品界面视觉用户研究；协助完成移动端app和网页的设计工作； ,本科,2,2024-05-17 09:56,小嘻科技,11~50人,四川,互联网|游戏|软件
在线一对一辅导老师家教,200-400元/天,长期,1、通过自有教学平台进行在线一对一家教工作；针对小初高全科，足不出户在家，寝室网络稳定即可,本科,50,2024-05-16 13:19,林煜科技,51~100人,浙江,互联网|游戏|软件
新媒体实习,100-150元/天,3个月,1、自媒体平台微信、官方微博、今日头条号等自媒体的日常运营及推文工作； ,本科,2,2024-05-17 09:56,小嘻科技,11~50人,四川,互联网|游戏|软件
平面设计实习生,150-200元/天,3个月,2024年第四季度实习生招募ing......,本科,4,2024-05-16 10:49,CBi桥中创新,11~50人,上海,咨询/法律/人力资源
前端开发工程师实习,250-300元/天,长期,本岗位仅面向24届在校生，有转正机会，过往需有3个月及以上实习经历。,本科,1,2024-05-14 17:28,堆糖,51~100人,上海,互联网|游戏|软件
在线辅导老师家教,300-500元/天,长期,1、通过平台本身自有教学线上平台进行在线一对一小学/中/高中，擅长其中任何一门学科教学工作；欢迎在校学生前来锻炼提升自己；,大专,100,2024-05-16 13:20,林煜科技,51~100人,浙江,互联网|游戏|软件
在线答题老师,300-500元/天,长期,工作职责：,大专,100,2024-05-16 13:19,林煜科技,51~100人,浙江,互联网|游戏|软件
教研助理（线下实习）,120-150元/天,4个月,1、参与新课程的规划，及时更新课程内容，保证课程研发水准；,本科,2,2024-05-11 10:15,海星纪元,11~50人,上海,教育培训
在线答题老师,300-500元/天,长期,1、根据我司发布的题目（有答案），根据解题要求和规范进行录屏解题、编辑解析文本,大专,100,2024-05-16 13:20,林煜科技,51~100人,浙江,互联网|游戏|软件
科普直播选品产品经理及文案编辑,100-200元/天,6个月,岗位职责：,本科,2,2024-05-15 21:55,爆炸实验室,10人以内,江苏,互联网|游戏|软件
在线一对一辅导老师家教,200-400元/天,长期,工作职责：,本科,50,2024-05-16 13:20,林煜科技,51~100人,浙江,互联网|游戏|软件
在线辅导老师家教,300-500元/天,长期,【岗位职责】,大专,100,2024-05-16 13:19,林煜科技,51~100人,浙江,互联网|游戏|软件
科普直播选品产品经理及文案编辑,100-200元/天,6个月,岗位职责：,本科,2,2024-05-15 21:55,爆炸实验室,10人以内,江苏,互联网|游戏|软件
在线辅导老师家教,300-500元/天,长期,【岗位职责】,大专,100,2024-05-16 13:19,林煜科技,51~100人,浙江,互联网|游戏|软件
海外运营实习,100-150元/天,3个月,1、负责海外日常用户意见收集，综合分析相关情况，输出海外版本优化建议；,本科,2,2024-05-17 09:56,小嘻科技,11~50人,四川,互联网|游戏|软件
在线一对一辅导老师家教,200-400元/天,长期,工作职责：,本科,50,2024-05-16 13:20,林煜科技,51~100人,浙江,互联网|游戏|软件
运营部实习生,120-150元/天,3个月,1. 协助运营经理完成资料整理；,本科,3,2024-04-24 17:29,梧桐树资本,11~50人,北京,金融
小说审阅实习生,50-60元/天,2个月,1.审阅相关作品重复更新内容、发布敏感违规内容的行为；,本科,5,2024-04-18 16:44,环球网,301~1000人,北京,广告|传媒|文化|体育
投资部实习生,120-150元/天,3个月,1. 开展市场及行业研究，深入了解行业现状，判断行业走势；,本科,3,2024-04-24 15:26,梧桐树资本,11~50人,北京,金融
天猫邀评客服实习生,面议,3个月,1 提供专业化个性服务，运用产品及运动知识与顾客建立联系，为运动用户创造良好的购物体验，让运动爱好者满意；  ,本科,10,2024-04-17 18:03,迪卡侬,3001人及以上,上海,快速消费品
天猫邀评客服实习生,面议,3个月,1、有网购经验，对淘宝/天猫平台有一定的了解,本科,10,2024-04-17 18:02,迪卡侬,3001人及以上,上海,快速消费品
人力资源实习生HR Intern,面议,3个月,1、通过招聘系统筛选简历，并进行简单的电话沟通，协助面试的安排,本科,10,2024-04-17 18:01,迪卡侬,3001人及以上,上海,快速消费品
抖音短视频实习生,面议,3个月,1、参与短视频内容构思，包括选题、脚本、拍摄;,本科,10,2024-04-17 18:00,迪卡侬,3001人及以上,上海,快速消费品
京东运营实习生,面议,3个月,1.    负责监测到货跟踪、缺货预警等，并每日跟踪进度，帮助店铺的库存运行健康,本科,10,2024-04-17 18:00,迪卡侬,3001人及以上,上海,快速消费品
迪卡侬市场战略实习生,面议,3个月,-协助迪卡侬革新项目的项目管理，包括各个工作流的进度跟踪把握，与各部门协调确定解决方案，以及项目落地后持续保持项目顺利执行，进行数据复盘等,本科,10,2024-04-17 17:59,迪卡侬,3001人及以上,上海,快速消费品
迪卡侬电商数据分析实习生,面议,2个月,-协助完成日常商业数据收集及整理;（50%工作量）,本科,10,2024-04-17 17:58,迪卡侬,3001人及以上,上海,快速消费品
电商商品策划实习生,面议,2个月,1.协助完成公司商品货表，并定期更新商品集和重点信息；,本科,10,2024-04-17 17:57,迪卡侬,3001人及以上,上海,快速消费品
总裁办实习生,150-155元/天,3个月,岗位职责：,本科,2,2024-04-17 17:54,正帆科技,301~1000人,上海,能源|环保
商业领导力管理培训生项目暑期实习生（CLP EID）,面议,2个月,工作地点：广州、北京、成都、上海、南昌、合肥、西安、太原、武汉、福州、济南、贵阳、长沙、哈尔滨、杭州,本科,20,2024-04-17 17:38,GE医疗,3001人及以上,上海,生物|医药
爱迪生工程技术管理培训生项目暑期实习生（EEDP EID）,面议,2个月,工作地点：北京、无锡,本科,20,2024-04-17 17:38,GE医疗,3001人及以上,上海,生物|医药
卓越设备维护技术专家项目暑期实习生（SSEP EID）,面议,2个月,工作地点：南宁、长沙、福州、深圳、西安、成都、重庆、昆明、兰州、乌鲁木齐、上海、南京、杭州、北京、太原,本科,20,2024-04-17 17:38,GE医疗,3001人及以上,上海,生物|医药
生产运营管理领导力项目暑期实习生（OMLP EID）,面议,2个月,工作地点：北京、天津、上海、无锡、成都,本科,20,2024-04-17 17:38,GE医疗,3001人及以上,上海,生物|医药
爬虫实习生,80-100元/天,3个月,岗位职责：,本科,6,2024-05-07 10:36,探迹,51~100人,广东,IT|通信|电子
花旗暑期实习生,面议,2个月,花旗集团作为世界知名的金融机构，在全球为160多个国家内的个人、企业、相关职能部门和机构提供一系列广泛的金融产品和服务。花旗在中国的悠久历史可以追溯到1902年5月，当时花旗银行在上海开办其在华的第一家分行，成为首批在中国开业的美国银行。如今，花旗银行已经成为中国领先的国际性银行。2002年，花旗金融信息服务（中国）有限公司，即花旗集团中国技术运营中心在上海注册成立。主要为花旗集团全球地区的投资银行和消费银行提供软件开发和技术支持，并为花旗集团亚太及日本地区提供金融后台数据处理服务,本科,20,2024-04-17 16:30,花旗银行,3001人及以上,上海,金融
莉莉丝暑期实习生,面议,2个月,Who is 莉莉丝游戏,本科,20,2024-04-17 16:27,莉莉丝游戏,1001~3000人,上海,互联网|游戏|软件
暑期实习生,面议,2个月,全球领先的综合通信与信息技术解决方案提供商,本科,20,2024-04-17 15:52,中兴通讯,3001人及以上,广东,IT|通信|电子
暑期训练营,面议,2个月,岗位介绍：,本科,100,2024-04-17 14:14,TINECO添可,1001~3000人,江苏,互联网|游戏|软件
智能驾驶软件测试实习生(橙焰),面议,3个月,橙焰计划是极氪为即将进行研究生深造或当前处于研究生阶段，且未来有志于投身新能源汽车赛道的优秀同学专门设立的职业发展项目，旨在帮助同学积累专业经验，加速职业发展。通过该项目加入极氪，将获得和正式员工相同的培训和工作经验。在项目期间，圆满地完成特定实习时长且符合一定条件后，将提前获得应届校招录用资格。岗位职责:1.参与智驾零部件软件版本的功能及性能测试，包括台架集成测试及实车验证测试，并协助评审供应商的版本交付物.2.根据测试结果编写测试报告.3.协助其他测试及开发团队开展调试验证工作.,本科,10,2024-04-17 10:31,极氪,100-499人,浙江,互联网|游戏|软件
功能场景验收实习生(橙焰),面议,3个月,橙焰计划是极氪为即将进行研究生深造或当前处于研究生阶段，且未来有志于投身新能源汽车赛道的优秀同学专门设立的职业发展项目，旨在帮助同学积累专业经验，加速职业发展。通过该项目加入极氪，将获得和正式员工相同的培训和工作经验。在项目期间，圆满地完成特定实习时长且符合一定条件后，将提前获得应届校招录用资格。岗位职责:1.协助功能验收经理日常工作管理及推动。2.协助功能场景验收用例管理及推动。3.协助功能场景验收问题管理4.协助功能场景用例测试，及现场问题分析,本科,10,2024-04-17 10:29,极氪,100-499人,浙江,互联网|游戏|软件
EcuOwner实习生(橙焰),面议,3个月,橙焰计划是极氪为即将进行研究生深造或当前处于研究生阶段，且未来有志于投身新能源汽车赛道的优秀同学专门设立的职业发展项目，旨在帮助同学积累专业经验，加速职业发展。通过该项目加入极氪，将获得和正式员工相同的培训和工作经验。在项目期间，圆满地完成特定实习时长且符合一定条件后，将提前获得应届校招录用资格。岗位职责:1.协助电驱动系统软件需求开发工作；2.协助电驱动系统硬件开发工作；3.协助电驱系统基础技术开发工作；4.协助电驱系统售后诊断开发工作；5.协助电驱系统软硬件交付工作。,本科,10,2024-04-17 10:29,极氪,100-499人,浙江,互联网|游戏|软件
ADAS软件开发实习生(橙焰),面议,3个月,橙焰计划是极氪为即将进行研究生深造或当前处于研究生阶段，且未来有志于投身新能源汽车赛道的优秀同学专门设立的职业发展项目，旨在帮助同学积累专业经验，加速职业发展。通过该项目加入极氪，将获得和正式员工相同的培训和工作经验。在项目期间，圆满地完成特定实习时长且符合一定条件后，将提前获得应届校招录用资格。岗位职责:1.协助完成通信、进程启动等相关测试2.协助开发测试脚本及工具3.协助完成常规事务性工作4.协助开发工程师完成相关问题的分析验证,本科,10,2024-04-17 10:28,极氪,100-499人,浙江,互联网|游戏|软件
项目质量工程师实习生(橙焰),面议,3个月,橙焰计划是极氪为即将进行研究生深造或当前处于研究生阶段，且未来有志于投身新能源汽车赛道的优秀同学专门设立的职业发展项目，旨在帮助同学积累专业经验，加速职业发展。通过该项目加入极氪，将获得和正式员工相同的培训和工作经验。在项目期间，圆满地完成特定实习时长且符合一定条件后，将提前获得应届校招录用资格。岗位职责:1.协助负责项目日常会议管理、运营管理；2.协助负责项目汇报材料编辑、文档及信息档案管理；3.协助负责项目计划编制及变更管理；4.协助负责项目预算的收集、编制及管控；5.其他项目管理相关工作。,本科,10,2024-04-17 10:27,极氪,100-499人,浙江,互联网|游戏|软件
电驱软件算法实习生（橙焰）,面议,3个月,橙焰计划是极氪为即将进行研究生深造或当前处于研究生阶段，且未来有志于投身新能源汽车赛道的优秀同学专门设立的职业发展项目，旨在帮助同学积累专业经验，加速职业发展。通过该项目加入极氪，将获得和正式员工相同的培训和工作经验。在项目期间，圆满地完成特定实习时长且符合一定条件后，将提前获得应届校招录用资格。,硕士,10,2024-04-17 10:27,极氪,100-499人,浙江,互联网|游戏|软件
ADAS算法实习生(橙焰),面议,3个月,橙焰计划是极氪为即将进行研究生深造或当前处于研究生阶段，且未来有志于投身新能源汽车赛道的优秀同学专门设立的职业发展项目，旨在帮助同学积累专业经验，加速职业发展。通过该项目加入极氪，将获得和正式员工相同的培训和工作经验。在项目期间，圆满地完成特定实习时长且符合一定条件后，将提前获得应届校招录用资格。岗位职责:1.参与ADAS功能（包括但不限于AEB/LKA/ACC/AES/LDW/RSPA/FCW等）算法的开发、调试及实车验证；2.协助周边模块完成系统集成和调试工作.,硕士,10,2024-04-17 10:25,极氪,100-499人,浙江,互联网|游戏|软件
新能源产品开发实习生(橙焰),面议,3个月,橙焰计划是极氪为即将进行研究生深造或当前处于研究生阶段，且未来有志于投身新能源汽车赛道的优秀同学专门设立的职业发展项目，旨在帮助同学积累专业经验，加速职业发展。通过该项目加入极氪，将获得和正式员工相同的培训和工作经验。在项目期间，圆满地完成特定实习时长且符合一定条件后，将提前获得应届校招录用资格。岗位职责:1.熟悉锂电池储能系统结构组成、电气拓扑和工作原理；2.协助进行储能产品的测试计划制定、测试方案编写和测试进度跟踪；3.协助进行储能产品测试验证台架搭建、电气系统调试和测试，完成测试数据和报告整理；4.协助进行测试问题整理和问题分析、问题整改和验证；5.协助和项目设计开发工程师进行产品测试验证相关技术对接确认。,本科,10,2024-04-17 10:25,极氪,100-499人,浙江,互联网|游戏|软件
智能驾驶推理预测算法实习生(橙焰),面议,3个月,橙焰计划是极氪为即将进行研究生深造或当前处于研究生阶段，且未来有志于投身新能源汽车赛道的优秀同学专门设立的职业发展项目，旨在帮助同学积累专业经验，加速职业发展。通过该项目加入极氪，将获得和正式员工相同的培训和工作经验。在项目期间，圆满地完成特定实习时长且符合一定条件后，将提前获得应届校招录用资格。岗位职责:1.参与推理预测模型预研和开发上线;2.整理和分析相关数据，为算法设计和模型构建提供支持和参考;3.参与算法的实际应用和测试，确保算法的准确性和可靠性。,硕士,10,2024-04-17 10:24,极氪,100-499人,浙江,互联网|游戏|软件
座舱功能集成实习生(橙焰),面议,3个月,橙焰计划是极氪为即将进行研究生深造或当前处于研究生阶段，且未来有志于投身新能源汽车赛道的优秀同学专门设立的职业发展项目，旨在帮助同学积累专业经验，加速职业发展。通过该项目加入极氪，将获得和正式员工相同的培训和工作经验。在项目期间，圆满地完成特定实习时长且符合一定条件后，将提前获得应届校招录用资格。岗位职责:1.协助智能座舱功能新技术调研、行业对标及项目应用开发。2.协助项目智能座舱变更功能场景和需求分析、提案编制、功能清单管理。3.协助项目智能座舱功能软件开发计划、联调计划等功能交付管控。4.协助座舱功能点检、验收及问题调查。,本科,10,2024-04-17 10:24,极氪,100-499人,浙江,互联网|游戏|软件
试验验证实习生(橙焰),面议,3个月,橙焰计划是极氪为即将进行研究生深造或当前处于研究生阶段，且未来有志于投身新能源汽车赛道的优秀同学专门设立的职业发展项目，旨在帮助同学积累专业经验，加速职业发展。通过该项目加入极氪，将获得和正式员工相同的培训和工作经验。在项目期间，圆满地完成特定实习时长且符合一定条件后，将提前获得应届校招录用资格。,本科,10,2024-04-17 10:24,极氪,100-499人,浙江,互联网|游戏|软件
附件开发实习生(橙焰),面议,3个月,橙焰计划是极氪为即将进行研究生深造或当前处于研究生阶段，且未来有志于投身新能源汽车赛道的优秀同学专门设立的职业发展项目，旨在帮助同学积累专业经验，加速职业发展。通过该项目加入极氪，将获得和正式员工相同的培训和工作经验。在项目期间，圆满地完成特定实习时长且符合一定条件后，将提前获得应届校招录用资格。,硕士,10,2024-04-17 10:22,极氪,100-499人,浙江,互联网|游戏|软件
开闭件开发实习生(橙焰),面议,3个月,橙焰计划是极氪为即将进行研究生深造或当前处于研究生阶段，且未来有志于投身新能源汽车赛道的优秀同学专门设立的职业发展项目，旨在帮助同学积累专业经验，加速职业发展。通过该项目加入极氪，将获得和正式员工相同的培训和工作经验。在项目期间，圆满地完成特定实习时长且符合一定条件后，将提前获得应届校招录用资格。,硕士,10,2024-04-17 09:56,极氪,100-499人,浙江,互联网|游戏|软件
规划控制算法测试实习生(橙焰),面议,3个月,橙焰计划是极氪为即将进行研究生深造或当前处于研究生阶段，且未来有志于投身新能源汽车赛道的优秀同学专门设立的职业发展项目，旨在帮助同学积累专业经验，加速职业发展。通过该项目加入极氪，将获得和正式员工相同的培训和工作经验。在项目期间，圆满地完成特定实习时长且符合一定条件后，将提前获得应届校招录用资格。岗位职责:1.参与规划控制算法的测试和验证工作，确保算法的正确性和稳定性。2.根据需求和设计文档，编写测试用例和测试脚本，对算法进行功能和性能测试。3.执行测试计划，记录和分析测试结果，发现并报告算法中的问题和潜在风险。,硕士,10,2024-04-17 09:50,极氪,100-499人,浙江,互联网|游戏|软件
热设计实习生(橙焰),面议,3个月,橙焰计划是极氪为即将进行研究生深造或当前处于研究生阶段，且未来有志于投身新能源汽车赛道的优秀同学专门设立的职业发展项目，旨在帮助同学积累专业经验，加速职业发展。通过该项目加入极氪，将获得和正式员工相同的培训和工作经验。在项目期间，圆满地完成特定实习时长且符合一定条件后，将提前获得应届校招录用资格。,本科,10,2024-04-17 09:49,极氪,100-499人,浙江,互联网|游戏|软件
结构设计实习生(橙焰),面议,3个月,橙焰计划是极氪为即将进行研究生深造或当前处于研究生阶段，且未来有志于投身新能源汽车赛道的优秀同学专门设立的职业发展项目，旨在帮助同学积累专业经验，加速职业发展。通过该项目加入极氪，将获得和正式员工相同的培训和工作经验。在项目期间，圆满地完成特定实习时长且符合一定条件后，将提前获得应届校招录用资格。,本科,10,2024-04-17 09:49,极氪,100-499人,浙江,互联网|游戏|软件
构图定位算法测试实习生(橙焰),面议,3个月,橙焰计划是极氪为即将进行研究生深造或当前处于研究生阶段，且未来有志于投身新能源汽车赛道的优秀同学专门设立的职业发展项目，旨在帮助同学积累专业经验，加速职业发展。通过该项目加入极氪，将获得和正式员工相同的培训和工作经验。在项目期间，圆满地完成特定实习时长且符合一定条件后，将提前获得应届校招录用资格。,硕士,10,2024-04-17 09:48,极氪,100-499人,浙江,互联网|游戏|软件
竞品分析员实习生(橙焰),面议,3个月,橙焰计划是极氪为即将进行研究生深造或当前处于研究生阶段，且未来有志于投身新能源汽车赛道的优秀同学专门设立的职业发展项目，旨在帮助同学积累专业经验，加速职业发展。通过该项目加入极氪，将获得和正式员工相同的培训和工作经验。在项目期间，圆满地完成特定实习时长且符合一定条件后，将提前获得应届校招录用资格。岗位职责:1.负责竞品件对标分析、组织竞品拆解工作，跟踪拆解进展、梳理2.负责竞品车测试计划统筹管理，组织竞品车试验测试，持续跟踪试验测试计划,本科,10,2024-04-17 09:47,极氪,100-499人,浙江,互联网|游戏|软件
外饰开发实习生(橙焰),面议,3个月,橙焰计划是极氪为即将进行研究生深造或当前处于研究生阶段，且未来有志于投身新能源汽车赛道的优秀同学专门设立的职业发展项目，旨在帮助同学积累专业经验，加速职业发展。通过该项目加入极氪，将获得和正式员工相同的培训和工作经验。在项目期间，圆满地完成特定实习时长且符合一定条件后，将提前获得应届校招录用资格。岗位职责:1.协助工程师参与外饰产品研发，配合项目组完成零部件新品开发2.协助工程师负责编制产品的开发计划并跟踪落地3.协助工程师负责与供应商技术交流，对产品进行质量改善及提升4.协助工程师负责组织对零部件工装样件的认可，跟踪零部件的DV及整车试验的验证进度,本科,10,2024-04-17 09:46,极氪,100-499人,浙江,互联网|游戏|软件
光学工程师实习生(橙焰),面议,3个月,橙焰计划是极氪为即将进行研究生深造或当前处于研究生阶段，且未来有志于投身新能源汽车赛道的优秀同学专门设立的职业发展项目，旨在帮助同学积累专业经验，加速职业发展。通过该项目加入极氪，将获得和正式员工相同的培训和工作经验。在项目期间，圆满地完成特定实习时长且符合一定条件后，将提前获得应届校招录用资格。,本科,10,2024-04-17 09:45,极氪,100-499人,浙江,互联网|游戏|软件
产品经理实习生(橙焰),面议,3个月,橙焰计划是极氪为即将进行研究生深造或当前处于研究生阶段，且未来有志于投身新能源汽车赛道的优秀同学专门设立的职业发展项目，旨在帮助同学积累专业经验，加速职业发展。通过该项目加入极氪，将获得和正式员工相同的培训和工作经验。在项目期间，圆满地完成特定实习时长且符合一定条件后，将提前获得应届校招录用资格。,本科,10,2024-04-17 09:44,极氪,100-499人,浙江,互联网|游戏|软件
仪表板开发实习生(橙焰),面议,3个月,橙焰计划是极氪为即将进行研究生深造或当前处于研究生阶段，且未来有志于投身新能源汽车赛道的优秀同学专门设立的职业发展项目，旨在帮助同学积累专业经验，加速职业发展。通过该项目加入极氪，将获得和正式员工相同的培训和工作经验。在项目期间，圆满地完成特定实习时长且符合一定条件后，将提前获得应届校招录用资格。,本科,10,2024-04-17 09:43,极氪,100-499人,浙江,互联网|游戏|软件
软件开发实习生(橙焰),面议,3个月,橙焰计划是极氪为即将进行研究生深造或当前处于研究生阶段，且未来有志于投身新能源汽车赛道的优秀同学专门设立的职业发展项目，旨在帮助同学积累专业经验，加速职业发展。通过该项目加入极氪，将获得和正式员工相同的培训和工作经验。在项目期间，圆满地完成特定实习时长且符合一定条件后，将提前获得应届校招录用资格。,本科,10,2024-04-17 09:42,极氪,100-499人,浙江,互联网|游戏|软件
产品工程定义实习生- 出行娱乐域助理PO(橙焰),面议,3个月,橙焰计划是极氪为即将进行研究生深造或当前处于研究生阶段，且未来有志于投身新能源汽车赛道的优秀同学专门设立的职业发展项目，旨在帮助同学积累专业经验，加速职业发展。通过该项目加入极氪，将获得和正式员工相同的培训和工作经验。在项目期间，圆满地完成特定实习时长且符合一定条件后，将提前获得应届校招录用资格。,本科,10,2024-04-17 09:41,极氪,100-499人,浙江,互联网|游戏|软件
机械仿真实习生(橙焰),面议,3个月,橙焰计划是极氪为即将进行研究生深造或当前处于研究生阶段，且未来有志于投身新能源汽车赛道的优秀同学专门设立的职业发展项目，旨在帮助同学积累专业经验，加速职业发展。通过该项目加入极氪，将获得和正式员工相同的培训和工作经验。在项目期间，圆满地完成特定实习时长且符合一定条件后，将提前获得应届校招录用资格。,本科,10,2024-04-17 09:40,极氪,100-499人,浙江,互联网|游戏|软件
软硬饰开发实习生(橙焰),面议,3个月,橙焰计划是极氪为即将进行研究生深造或当前处于研究生阶段，且未来有志于投身新能源汽车赛道的优秀同学专门设立的职业发展项目，旨在帮助同学积累专业经验，加速职业发展。通过该项目加入极氪，将获得和正式员工相同的培训和工作经验。在项目期间，圆满地完成特定实习时长且符合一定条件后，将提前获得应届校招录用资格。,本科,10,2024-04-17 09:39,极氪,100-499人,浙江,互联网|游戏|软件
产品经理实习生（信息交互方向）(橙焰),面议,3个月,橙焰计划是极氪为即将进行研究生深造或当前处于研究生阶段，且未来有志于投身新能源汽车赛道的优秀同学专门设立的职业发展项目，旨在帮助同学积累专业经验，加速职业发展。通过该项目加入极氪，将获得和正式员工相同的培训和工作经验。在项目期间，圆满地完成特定实习时长且符合一定条件后，将提前获得应届校招录用资格。,本科,10,2024-04-17 09:37,极氪,100-499人,浙江,互联网|游戏|软件
标定匹配开发实习生(橙焰),面议,3个月,橙焰计划是极氪为即将进行研究生深造或当前处于研究生阶段，且未来有志于投身新能源汽车赛道的优秀同学专门设立的职业发展项目，旨在帮助同学积累专业经验，加速职业发展。通过该项目加入极氪，将获得和正式员工相同的培训和工作经验。在项目期间，圆满地完成特定实习时长且符合一定条件后，将提前获得应届校招录用资格。,本科,10,2024-04-17 09:37,极氪,100-499人,浙江,互联网|游戏|软件
产品设计实习生（用户研究）(橙焰),面议,3个月,橙焰计划是极氪为即将进行研究生深造或当前处于研究生阶段，且未来有志于投身新能源汽车赛道的优秀同学专门设立的职业发展项目，旨在帮助同学积累专业经验，加速职业发展。通过该项目加入极氪，将获得和正式员工相同的培训和工作经验。在项目期间，圆满地完成特定实习时长且符合一定条件后，将提前获得应届校招录用资格。,本科,10,2024-04-17 09:36,极氪,100-499人,浙江,互联网|游戏|软件
预算管理员实习生(橙焰),面议,3个月,橙焰计划是极氪为即将进行研究生深造或当前处于研究生阶段，且未来有志于投身新能源汽车赛道的优秀同学专门设立的职业发展项目，旨在帮助同学积累专业经验，加速职业发展。通过该项目加入极氪，将获得和正式员工相同的培训和工作经验。在项目期间，圆满地完成特定实习时长且符合一定条件后，将提前获得应届校招录用资格。,本科,10,2024-04-17 09:34,极氪,100-499人,浙江,互联网|游戏|软件
座椅设计开发实习生(橙焰),面议,3个月,橙焰计划是极氪为即将进行研究生深造或当前处于研究生阶段，且未来有志于投身新能源汽车赛道的优秀同学专门设立的职业发展项目，旨在帮助同学积累专业经验，加速职业发展。通过该项目加入极氪，将获得和正式员工相同的培训和工作经验。在项目期间，圆满地完成特定实习时长且符合一定条件后，将提前获得应届校招录用资格。,本科,10,2024-04-17 09:33,极氪,100-499人,浙江,互联网|游戏|软件
项目管理实习生(橙焰),面议,3个月,橙焰计划是极氪为即将进行研究生深造或当前处于研究生阶段，且未来有志于投身新能源汽车赛道的优秀同学专门设立的职业发展项目，旨在帮助同学积累专业经验，加速职业发展。通过该项目加入极氪，将获得和正式员工相同的培训和工作经验。在项目期间，圆满地完成特定实习时长且符合一定条件后，将提前获得应届校招录用资格。,本科,10,2024-04-17 09:32,极氪,100-499人,浙江,互联网|游戏|软件
品牌营销实习生,100-120元/天,3个月,1. 负责TO B/G 线上线下市场活动的策划及落地执行，协助营销服务基础交付工作；,大专,1,2024-05-08 18:30,信息无障碍研究会,11~50人,广东,政府/非盈利机构/其他
短视频运营实习生,150-200元/天,3个月,1、负责商业知识类个人ip账号的日常内容运营工作，,本科,1,2024-05-14 13:31,三秀咨询,11~50人,上海,广告|传媒|文化|体育
招聘实习生,100-120元/天,3个月,1. 根据协助目标客户职位信息分析，研究客户需求，主要负责互联网行业职能岗位交付；,本科,10,2024-05-15 17:01,树栋顶,51~100人,四川,快速消费品
财务会计（时尚-媒体-传媒）,面议,3个月,"本职位长期招聘，负责运营微信公众号“时尚传媒生活馆”，“时尚YES”和""时广新媒""矩阵的新媒体工作。",本科,5,2024-05-16 09:14,时尚传媒,301~1000人,广东,广告|传媒|文化|体育
文字编辑实习（时尚-媒体-传媒）,面议,3个月,"本职位长期招聘，负责运营微信公众号“时尚传媒生活馆”，“时尚YES”和""时广新媒""矩阵的新媒体工作。",本科,5,2024-05-14 15:19,时尚传媒,301~1000人,广东,广告|传媒|文化|体育
行政管理实习生,面议,3个月,"本职位长期招聘，负责运营微信公众号“时尚传媒生活馆”，“时尚YES”和""时广新媒""矩阵的新媒体工作。",本科,5,2024-05-14 15:20,时尚传媒,301~1000人,广东,广告|传媒|文化|体育
内容采编,1-2K/月,长期,1. 进行新媒体行业跟进；,本科,2,2024-05-10 20:26,财联社,301~1000人,北京,广告|传媒|文化|体育
儿童故事编辑,300-400元/天,3个月,工作内容：,硕士,3,2024-05-14 10:33,发现时空,11~50人,北京,互联网|游戏|软件
公众号运营（达人领域）,面议,2个月,工作职责（备注：1、此实习岗位无薪资，再次强调，只提供实习证明；2、一定要会用AI工具创作内容，不会使用者，请谨慎投递！）,不限,2,2024-05-14 09:57,蓝船科技,11~50人,上海,互联网|游戏|软件
市场管培生,80-120元/天,3个月,1. 协助市场资料的归类与整理，信息系统的维护。,本科,1,2024-05-14 16:58,Financeren,11~50人,上海,咨询/法律/人力资源
社群拓展,面议,2个月,工作职责（备注：此实习岗位无薪资，再次强调，只提供实习证明，望谨慎投递）：,不限,1,2024-05-17 09:45,蓝船科技,11~50人,上海,互联网|游戏|软件
校园推广（CA）,面议,长期,1、线上工作，不限时间地点,不限,10,2024-05-16 12:07,纪堂教育,11~50人,江苏,教育培训
招聘实习生,100-120元/天,3个月,1. 根据协助目标客户职位信息分析，研究客户需求，主要负责互联网行业职能岗位交付；,本科,10,2024-05-15 17:01,树栋顶,51~100人,四川,快速消费品
新闻数据分析助理实习生,面议,3个月,"本职位长期招聘，负责运营微信公众号“时尚传媒生活馆”，“时尚YES”和""时广新媒""矩阵的新媒体工作。",本科,5,2024-05-16 09:14,时尚传媒,301~1000人,广东,广告|传媒|文化|体育
抖音（图文）内容运营,面议,2个月,工作职责（备注：此实习岗位无薪资，再次强调，只提供实习证明，望谨慎投递）：,不限,3,2024-05-17 09:45,蓝船科技,11~50人,上海,互联网|游戏|软件
蓝鲸新闻-金融组实习记者,1-2K/月,3个月,跟进产经、TMT、金融、保险、券商领域报道,本科,3,2024-05-17 09:59,财联社,301~1000人,北京,广告|传媒|文化|体育
公关实习,150-200元/天,3个月,负责公司相关文案的翻译和撰写，包括但不限于新闻稿，主持稿，高层发言稿和日常social文案，及其微信公众平台更新和日常维护运营。,本科,2,2024-05-15 15:15,凯杰公关,11~50人,上海,广告|传媒|文化|体育
短视频运营实习生,150-200元/天,3个月,1、负责商业知识类个人ip账号的日常内容运营工作，,本科,1,2024-05-14 13:31,三秀咨询,11~50人,上海,广告|传媒|文化|体育
猎头实习生(25届),150-170元/天,3个月,我们需要的你：,本科,3,2024-05-16 21:56,上海复讯,101~300人,上海,多元化集团
短视频编导实习生,1-2K/月,3个月,1. 根据账号IP调性，对真人出镜、视频素材等内容进行选题策划与排期规划。,本科,3,2024-05-17 09:59,财联社,301~1000人,北京,广告|传媒|文化|体育
新媒体运营实习生,1-2K/月,3个月,1.拓展、维护及管理用户社群。,本科,4,2024-05-17 09:59,财联社,301~1000人,北京,广告|传媒|文化|体育
漫画插画手绘设计师,面议,4个月,负责漫画插画以及卡通形象的设计等。,大专,50,2024-05-13 22:33,像素先森,11~50人,浙江,政府/非盈利机构/其他
新媒体运营实习生（可远程）,50-80元/天,3个月,1. 协助团队完成微公号，小红书，微博的日常维护及内容策划。,本科,1,2024-05-16 14:31,小钻教育,11~50人,浙江,教育培训
新媒体运营（时尚-媒体-传媒）,面议,3个月,1.协助新媒体平台运营工作，维护微信，微博，今日头条等；,本科,5,2024-05-16 09:14,时尚传媒,301~1000人,广东,广告|传媒|文化|体育
客户执行实习生 AE Intern,150-200元/天,3个月,1.协助对接global客户（GSK 礼来 纽迪希亚等）的需求,本科,4,2024-05-14 19:06,HackHealth,11~50人,上海,广告|传媒|文化|体育
社会学人类学实习生,面议,3个月,"本职位长期招聘，负责运营微信公众号“时尚传媒生活馆”，“时尚YES”和""时广新媒""矩阵的新媒体工作。",本科,5,2024-05-14 15:20,时尚传媒,301~1000人,广东,广告|传媒|文化|体育
图书情报分析（时尚-媒体-传媒）,1999-2000元/天,3个月,北京时尚传媒旗下办有《时尚COSMO》《时尚芭莎》《时尚先生》《男人装》《罗博报告》等多本时尚大刊。本职位长期招聘，负责运营时尚传媒旗舰电商平台和等新媒体工作。,本科,5,2024-05-13 13:05,时尚传媒,301~1000人,广东,广告|传媒|文化|体育
小说编辑实习生,160-200元/天,长期,【岗位职责】,本科,1,2024-05-13 16:21,枫叶互动,101~300人,广东,互联网|游戏|软件
项目实习生（远程）,150-151元/天,3个月,【了解恒上】,本科,1,2024-05-16 18:13,恒上咨询,11~50人,北京,咨询/法律/人力资源
国际关系，外交学,1999-2000元/天,3个月,北京时尚传媒旗下办有《时尚COSMO》《时尚芭莎》《时尚先生》《男人装》《罗博报告》等多本时尚大刊。本职位长期招聘，负责运营时尚传媒旗舰电商平台和等新媒体工作。,本科,5,2024-05-13 13:05,时尚传媒,301~1000人,广东,广告|传媒|文化|体育
自然语言处理（时尚-媒体-传媒）,1999-2000元/天,3个月,北京时尚传媒旗下办有《时尚COSMO》《时尚芭莎》《时尚先生》《男人装》《罗博报告》等多本时尚大刊。本职位长期招聘，负责运营时尚传媒旗舰电商平台和等新媒体工作。,本科,5,2024-05-13 13:05,时尚传媒,301~1000人,广东,广告|传媒|文化|体育
线上公众号编辑,面议,2个月,工作职责：备注：无薪资，再次强调，只提供实习证明；,本科,3,2024-05-17 09:45,蓝船科技,11~50人,上海,互联网|游戏|软件
新媒体运营实习生,面议,3个月,1、负责公司微信公众号、抖音号、小红书、知乎等新媒体平台日常运营管理；,本科,3,2024-05-16 17:07,永乐时代,10人以内,北京,互联网|游戏|软件
短视频演员（女性）,300-400元/天,1个月,工作性质：兼职/项目合作,不限,1,2024-04-27 12:55,高鼎健康,51~100人,广东,互联网|游戏|软件
华南合作发展部/捐赠人服务实习生,100-120元/天,3个月,招聘岗位：捐赠人服务实习生,本科,1,2024-05-08 11:54,壹基金,101~300人,广东,政府/非盈利机构/其他
华东合作发展部/渠道运营实习生,100-120元/天,3个月,职位名称：华东合作发展部/渠道运营实习生,本科,1,2024-05-08 11:54,壹基金,101~300人,广东,政府/非盈利机构/其他
运维实习生,130-140元/天,3个月,岗位简介:,大专,1,2024-05-08 11:35,DKU,301~1000人,江苏,政府/非盈利机构/其他
AI研讨会志愿者招募,100-120元/天,1个月,1. 执行区域线上线下市场活动，有效完成公司市场任务,大专,4,2024-05-08 11:35,蜗牛工场,10人以内,广东,IT|通信|电子
行政财务助理,100-170元/天,长期,接听电话，按要求转接电话或记录信息；,本科,1,2024-04-26 11:19,沃众贸易（上海）有限公司,51~100人,上海,交通|物流|贸易
猎头助理,150-200元/天,6个月,1.协助顾问调查并研究相关行业、市场和客户信息，进行项目需求分析；,本科,5,2024-05-06 17:24,德才咨询,11~50人,浙江,咨询/法律/人力资源
机房实习生,2-3K/月,6个月,1、熟悉数据中心基础设施日常管理，对数据中心环境和设备进行巡检，并填写相应的巡检表。,大专,2,2024-05-08 10:32,CNGB,3001人及以上,广东,政府/非盈利机构/其他
行政管理实习生,面议,3个月,"本职位长期招聘，负责运营微信公众号“时尚集团生活馆”，“时尚YES”和""时广新媒""矩阵的新媒体工作。",本科,5,2024-05-09 23:36,时尚传媒,301~1000人,广东,广告|传媒|文化|体育
暑期实习生,面议,2个月,携程集团（Trip.com Group）是全球领先的一站式旅行平台，公司旗下的平台，包括携程旅行、Trip.com、去哪儿、天巡等，可面向全球用户提供一套完整的旅行产品、服务及差异化的旅行内容。携程于2003年在美国纳斯达克交易所上市，并于2021年在香港联合交易所上市。未来几年，携程致力于成为具有全球影响力和受人尊敬的在线旅游企业。,本科,20,2024-04-17 15:57,携程旅行网,3001人及以上,上海,IT|通信|电子
阿维塔-新媒体运营实习生(代发布）,面议,6个月,1、协助运营官方蓝V账号内容策划及运营工作（抖音、小红书大众点评、视频号等）。,本科,1,2024-04-16 15:42,合合信息,301~1000人,上海,互联网|游戏|软件
HR INTERN,面议,3个月,"Assist the management and team with carrying out tasks (logistic and administrative tasks, coordination and communication, etc.)",本科,10,2024-04-16 15:28,美尔森,3001人及以上,上海,能源|环保
财务实习生,3-5K/月,3个月,1. 建立健全会计科目，编制会计凭证，编制财务报表及相关报表；,大专,5,2024-05-06 06:58,智航软件,51~100人,广东,互联网|游戏|软件
前台实习生,3-5K/月,3个月,1.负责公司前台接待访客，并及时准确通知被访人员；,大专,2,2024-05-06 06:58,智航软件,51~100人,广东,互联网|游戏|软件
市场推广/新媒体运营实习生,120-150元/天,3个月,【相关业务板块】 ,本科,1,2024-05-09 15:38,领变者会展,11~50人,广东,广告|传媒|文化|体育
中等职业教育分社策划岗实习生,120-150元/天,3个月,1.协助处理相关文件、样书并配合寄送；,本科,2,2024-04-16 11:30,电子社,301~1000人,北京,广告|传媒|文化|体育
华信教育研究所产品经理实习生,120-150元/天,3个月,（1）负责制定和执行图书产品策略，以实现公司的业务目标。,本科,2,2024-04-16 11:30,电子社,301~1000人,北京,广告|传媒|文化|体育
华信教育研究所软件测试实习生,120-150元/天,3个月,（1）根据产品规范和需求，进行详细的测试计划和测试用例设计；,本科,2,2024-04-16 11:30,电子社,301~1000人,北京,广告|传媒|文化|体育
业务助理（实习岗）,150-200元/天,3个月,-负责业务配置相关内容，参与反馈运营后台的优化建议；,本科,1,2024-05-08 16:22,堆糖,51~100人,上海,互联网|游戏|软件
大模型产品运营实习生,180-230元/天,3个月,工作职责：,本科,2,2024-04-24 13:51,AI大数据,3001人及以上,上海,互联网|游戏|软件
达人财资助理,130-180元/天,3个月,1.按照商务结算标准流程和制度，完成达人月度结算,本科,1,2024-05-07 10:22,智苑文化,101~300人,浙江,互联网|游戏|软件
美的-ALSO活动策划实习生,100-150元/天,3个月,ALSO是一个艺术&文化&商业综合体，我们期待你是审美良好、网感丰富、有品位有调性的人，欢迎加入我们一起共创内容。,本科,1,2024-04-15 15:46,美的集团,3001人及以上,广东,多元化集团
后期剪辑,180-200元/天,3个月,1. 根据要求完成视频制作及创意性视频方案策划,大专,2,2024-05-08 14:54,善实文化,10人以内,北京,广告|传媒|文化|体育
行政助理实习生,100-150元/天,6个月,岗位职责:,大专,1,2024-04-15 09:48,理邦仪器,1001~3000人,广东,生物|医药
美的-美福平台视觉设计师实习生,100-150元/天,3个月,【岗位职责】,本科,1,2024-04-15 09:40,美的集团,3001人及以上,广东,多元化集团
顾问助理实习生,100-120元/天,3个月,1、协助顾问搜集、整理客户申请的院校及项目课程信息；,本科,2,2024-05-08 10:45,君明留学,11~50人,广东,教育培训
留学文案/翻译实习生,100-150元/天,3个月,1、协助留学顾问，完善客户的选校规划，进行信息补充；,本科,1,2024-05-08 10:45,君明留学,11~50人,广东,教育培训
展会志愿者招募,120-165元/天,1个月,1、做好展会的配合工作,本科,4,2024-05-06 16:59,蜗牛工场,10人以内,广东,IT|通信|电子
视觉设计实习生,120-150元/天,3个月,1.  参与北辰青年品牌IP项目前期创想周边的设计工作，包括但不限于活动物料、线下装置、文创； ,本科,1,2024-04-24 15:52,北辰青年,101~300人,广东,教育培训
创意教研助理,120-150元/天,3个月,1. 参与到北辰青年的体验设计、自我探索研究、组织创新等领域的项目中；,本科,1,2024-04-24 15:50,北辰青年,101~300人,广东,教育培训
社群运营实习生,120-150元/天,3个月,1、协助管理和维护公司行动社区平台与内容，提升用户活跃度和粘性；,本科,1,2024-04-24 15:50,北辰青年,101~300人,广东,教育培训
用户群管理岗,1-2K/月,3个月,1.对用户群进行管理；,本科,30,2024-05-06 14:31,幸福俱乐部,11~50人,北京,政府/非盈利机构/其他
校园特使,80-100元/天,长期,1、配合平台需要在校内、18-25岁同龄人中，进行宣传和推广；结合校园生活，创造性的开展宣传，表白墙、公众号、海报栏、微信群、贴吧等，也可以结合学生会、社团活动进行推广；,本科,30,2024-05-06 10:09,幸福俱乐部,11~50人,北京,政府/非盈利机构/其他
招聘实习生,4-6K/月,长期,1、负责接听应聘电话，跟进求职简历，邀约求职者到场面试并跟进维护；,大专,1,2024-05-06 07:00,出众集团,101~300人,广东,生活服务
HR实习生,面议,2个月,1、招聘、培训、薪酬福利，每个板块都有你大放异彩的机会；,本科,10,2024-04-17 17:53,巨人网络,3001人及以上,上海,互联网|游戏|软件
AIGC美术实习生,面议,2个月,1.兼职美术组PM角色，统筹美术组所有项目进度，查漏补缺，协助推进；,本科,10,2024-04-17 17:52,巨人网络,3001人及以上,上海,互联网|游戏|软件
游戏UI设计实习生,面议,2个月,1、参与PC端、移动端的网络游戏产品的UI设计；,本科,10,2024-04-17 17:52,巨人网络,3001人及以上,上海,互联网|游戏|软件
3D特效实习生,面议,2个月,与策划，美术，程序配合完成征途赛道内项目VX动效设计与落地。,本科,10,2024-04-17 17:51,巨人网络,3001人及以上,上海,互联网|游戏|软件
3D特效实习生,面议,2个月,熟练操作u3d或ue制作3d特效，二次元者优先,本科,10,2024-04-17 17:50,巨人网络,3001人及以上,上海,互联网|游戏|软件
游戏场景原画实习生,面议,2个月,1.根据游戏世界观进行场景设计，包括氛围图，部件拆分，,本科,10,2024-04-17 17:50,巨人网络,3001人及以上,上海,互联网|游戏|软件
AIGC算法实习生,面议,2个月,1.面向内容生成领域，将学术探索与技术应用紧密结合，驱动算法在游戏领域的落地（不限于AI绘画，智能NPC，语音生成，反外挂/风控等）；,硕士,10,2024-04-17 17:49,巨人网络,3001人及以上,上海,互联网|游戏|软件
大模型算法实习生,面议,2个月,1.参与大模型在游戏业务场景下的算法研发、落地，包括智能NPC、AI Agents智能体生态等构建；,硕士,10,2024-04-17 17:49,巨人网络,3001人及以上,上海,互联网|游戏|软件
语音算法实习生,面议,2个月,1.负责语音合成、语音识别、语音转换等相关算法的研究和开发工作，包括但不限于数据处理、模型训练、效果调优，驱动语音算法在游戏领域的落地；,硕士,10,2024-04-17 17:48,巨人网络,3001人及以上,上海,互联网|游戏|软件
游戏服务器开发实习生,面议,2个月,1、负责游戏服务器端开发工作；,本科,10,2024-04-17 17:47,巨人网络,3001人及以上,上海,互联网|游戏|软件
游戏客户端开发实习生,面议,2个月,1、负责游戏客户端开发工作；,本科,10,2024-04-17 17:47,巨人网络,3001人及以上,上海,互联网|游戏|软件
营销策划实习生,面议,2个月,1.协助项目全程策划，包括项目整体策划构思及执行创意，并做好现有项目的维护工作；,本科,10,2024-04-17 17:46,巨人网络,3001人及以上,上海,互联网|游戏|软件
游戏运营实习生,面议,2个月,1、协助主管进行各类线上线下运营工作的开展；,本科,10,2024-04-17 17:45,巨人网络,3001人及以上,上海,互联网|游戏|软件
AI产品实习生,面议,2个月,1、协助推进AIGC技术在游戏中落地；,本科,10,2024-04-17 17:44,巨人网络,3001人及以上,上海,互联网|游戏|软件
游戏策划实习生,面议,2个月,1、 施展上帝之手，设计一款移动游戏的核心机制；,本科,10,2024-04-17 17:44,巨人网络,3001人及以上,上海,互联网|游戏|软件
暑期实习生,面议,2个月,软件开发工程师、软件测试工程师、算法工程师、品牌经理助理,本科,20,2024-04-17 16:23,橘宜集团,3001人及以上,上海,快速消费品
财务实习生,10-20元/天,3个月,1.财务部日常事务。负责公司各类通知、合同等文件企微流程、费用审批流程的签呈；,不限,2,2024-04-29 15:16,芒果音乐,11~50人,上海,广告|传媒|文化|体育
艺人接待,10-20元/天,3个月,1.负责活动期间演出人员的行程规划统筹，协助管理好演出人员的行程安排；,不限,2,2024-04-29 13:48,芒果音乐,11~50人,上海,广告|传媒|文化|体育
行政人事经理助理,140-250元/天,长期,职责：,本科,1,2024-04-23 11:51,元能星泰,11~50人,广东,互联网|游戏|软件
小红书运营（远程办公）,1-2K/月,3个月,1.负责相应资讯采集、整理、审核及笔记发布，每月大概10篇笔记。,大专,1,2024-05-03 18:36,对岸公司,10人以内,湖南,互联网|游戏|软件
前期咨询工程师,150-200元/天,3个月,1. 对全过程工程咨询行业和工程项目管理有一定的了解；,本科,1,2024-04-23 11:10,同济咨询,301~1000人,上海,咨询/法律/人力资源
视频剪辑兼职,150-160元/天,1个月,兼职时间：2024年5月21-26日（或22-25日），8:30-17:30,大专,2,2024-05-11 16:10,广东科展,51~100人,广东,广告|传媒|文化|体育
线上编程教学实习老师,2-4K/月,长期,岗位职责:,本科,50,2024-05-13 05:07,梦想编程,51~100人,广东,教育培训
视频拍摄兼职（须自带苹果手机）,150-160元/天,1个月,兼职时间：2024年5月22-25日，8:30-17:30,大专,2,2024-05-15 17:06,广东科展,51~100人,广东,广告|传媒|文化|体育
新媒体运营实习生,150-170元/天,4个月,1、公众号内容运营，涉及文章编辑推送、推广分发、开白管理；,本科,1,2024-05-16 18:50,智一科技,11~50人,北京,互联网|游戏|软件
【必须在上海线下实习】总经理助理-市场营销项目管理/私人助理方向,119-120元/天,3个月,1. 合理安排总经理的日常工作行程和提醒及商务随行；,大专,1,2024-05-06 13:58,芸谋餐饮营销,10人以内,上海,广告|传媒|文化|体育
